PLAYER_ID,PLAYER_NAME,fga,pts,xpts,pps,xpps,making_100,making_100_se
1641809,Drew Peterson,6,11,7.498443336614505,1.8333333333333333,1.2497405561024175,58.35927772309159,62.08334331700159
1628391,D.J. Wilson,6,10,7.051414596774793,1.6666666666666667,1.1752357661291322,49.14309005375344,51.68234223464639
1630259,Jordan Ford,7,10,7.060450311515103,1.4285714285714286,1.0086357587878718,41.99356697835567,49.35816417662611
1629685,Dylan Windler,30,43,34.220157041360864,1.4333333333333333,1.1406719013786955,29.26614319546379,27.03106853756983
1630643,Jay Huff,15,21,16.946960774322818,1.4,1.1297973849548546,27.020261504514547,32.03823864812509
1629626,Bol Bol,151,208,167.75936497921535,1.3774834437086092,1.1109891720477838,26.64942716608255,9.130432183822272
1630284,Kevon Harris,3,4,3.22409899893869,1.3333333333333333,1.0746996663128967,25.86336670204366,61.82115130482623
1631159,Leonard Miller,20,28,22.897178911755166,1.4,1.1448589455877582,25.51410544122417,24.772077226469293
1630564,RaiQuan Gray,17,23,18.911496798404034,1.3529411764705883,1.1124409881414137,24.05001883291745,30.223571265027267
1630288,Jeff Dowtin Jr.,36,49,41.79054817170195,1.3611111111111112,1.1608485603250542,20.026255078605697,20.72189703951958
203999,Nikola Jokic,1411,1727,1456.3059205545073,1.223954642097803,1.0321090861477726,19.184555595003022,2.790395792579231
1630322,Lindy Waters III,104,135,115.25942416736329,1.2980769230769231,1.1082636939169548,18.981322915996834,13.851853006400674
1629726,Garrison Mathews,226,291,248.62494504902773,1.2876106194690264,1.1001103763231315,18.7500243145895,9.484446378089618
1628960,Grayson Allen,682,885,764.2531249009927,1.2976539589442815,1.1206057549867927,17.70482039574887,5.1111254888588356
1630561,David Duke Jr.,18,23,19.98548032296222,1.2777777777777777,1.1103044623867901,16.74733153909877,27.802337522259606
1629716,Marques Bolden,25,34,30.052480686330853,1.36,1.202099227453234,15.790077254676591,18.229225671359746
201939,Stephen Curry,1445,1657,1432.4376931334311,1.1467128027681661,0.9913063620300562,15.540644073810995,3.4112378983831264
204456,T.J. McConnell,593,678,586.9259513232196,1.1433389544688026,0.9897570848620904,15.358186960671235,4.142638642845691
1630249,Vit Krejci,104,130,114.21609773701356,1.25,1.0982317090097458,15.176829099025428,12.976658347886433
1631157,Ryan Rollins,27,31,26.932432165172678,1.1481481481481481,0.997497487598988,15.06506605491601,20.62752454956165
1629029,Luka Doncic,1652,1892,1644.3775682077994,1.145278450363196,0.9953859371717914,14.98925131914047,2.965140865513064
1628379,Luke Kennard,315,389,341.8706477267097,1.234920634920635,1.0853036435768562,14.96169913437787,7.847182503660129
1630188,Jalen Smith,395,529,471.5250131050016,1.339240506329114,1.1937342103924091,14.550629593670475,5.751894140748903
203114,Khris Middleton,643,728,635.6389530197736,1.1321928460342146,0.9885520264693213,14.364081956489336,4.695808670913168
1630573,Sam Hauser,558,695,615.9426436025875,1.2455197132616487,1.1038398630870745,14.167985017457434,5.93620500707528
1630346,Matt Ryan,113,139,123.03125323033011,1.2300884955752212,1.0887721524807974,14.131634309442381,13.258024572040666
201142,Kevin Durant,1436,1670,1467.2339070049632,1.1629526462395543,1.0217506316190552,14.12020146204992,2.970260625784178
201144,Mike Conley,644,767,676.3685524162373,1.1909937888198758,1.0502617273544057,14.073206146547,5.228789995719307
1626181,Norman Powell,768,913,807.5413684890079,1.1888020833333333,1.051486156886729,13.731592644660426,4.498887213569285
201143,Al Horford,419,536,478.65153041548683,1.279236276849642,1.142366421039348,13.686985581029395,6.279231240888815
1630548,Johnny Juzang,110,134,119.1455330405462,1.2181818181818183,1.083141209459511,13.504060872230731,12.923597268815692
204060,Joe Ingles,227,268,237.50252433536943,1.1806167400881058,1.0462666270280592,13.435011306004657,8.927294485340541
1629162,Jordan McLaughlin,145,182,162.89385613286595,1.2551724137931035,1.1234059043645928,13.17665094285107,11.255113521931861
1631260,AJ Green,196,235,209.9812059519513,1.1989795918367347,1.071332683428323,12.764690840841176,10.06743738952531
1631197,Jared Rhoden,66,78,69.63904397333455,1.1818181818181819,1.0551370298990084,12.668115191917344,15.099979739453055
203482,Kelly Olynyk,497,612,549.1183714438,1.2313883299798793,1.1048659385187123,12.652239146116697,5.00232953367873
202681,Kyrie Irving,1131,1297,1154.4275005940083,1.1467727674624226,1.0207139704633141,12.605879699910853,3.541907727328702
1626145,Tyus Jones,666,758,675.1340449008717,1.1381381381381381,1.013714782133441,12.442335600469717,4.651584563903112
1629655,Daniel Gafford,480,696,636.6165620329925,1.45,1.326284504235401,12.37154957645989,3.6912127405879467
1630169,Tyrese Haliburton,1048,1195,1067.8182520614603,1.140267175572519,1.018910545860172,12.135662971234707,3.822568125993013
1631165,Keon Ellis,232,284,255.8668856664063,1.2241379310344827,1.1028745071827857,12.126342385169703,8.834649837997373
1630202,Payton Pritchard,635,741,664.0402552093877,1.1669291338582677,1.0457326853691145,12.119644848915318,5.072894721812225
203957,Dante Exum,302,375,338.57559542798555,1.2417218543046358,1.1211112431390249,12.061061116561076,6.7285627285671055
202695,Kawhi Leonard,1162,1360,1220.487836698071,1.1703958691910499,1.0503337665215757,12.006210266947411,3.3094579040366106
1629647,Darius Bazley,30,38,34.455754916150234,1.2666666666666666,1.1485251638716745,11.81415027949922,19.155813859367488
1630198,Isaiah Joe,485,591,534.2470446515432,1.2185567010309277,1.1015402982506046,11.701640278032329,6.174978857912543
1631114,Jalen Williams,993,1175,1064.1515254045182,1.1832829808660625,1.071653097084107,11.162988378195546,3.4999277370086936
203468,CJ McCollum,1055,1207,1090.0765621338305,1.1440758293838862,1.0332479261932044,11.082790319068197,3.929461150950668
1629618,Jalen Pickett,35,39,35.19856936094208,1.1142857142857143,1.0056734103126308,10.861230397308342,22.22152238083861
201950,Jrue Holiday,689,800,725.478407739861,1.1611030478955007,1.0529439880114093,10.815905988409137,4.700955339279073
1629646,Charles Bassey,40,58,53.87754727533726,1.45,1.3469386818834315,10.306131811656858,13.2059670072497
1627736,Malik Beasley,722,864,791.0824948691651,1.1966759002770082,1.0956821258575693,10.099377441943894,5.0832951378041615
1630557,Corey Kispert,794,956,875.9518049261807,1.2040302267002518,1.10321386010854,10.0816366591712,4.498932578627824
1628983,Shai Gilgeous-Alexander,1487,1687,1537.1972421006121,1.1344989912575656,1.0337573921322207,10.07415991253449,2.7584137001283775
1630598,Aaron Wiggins,377,486,448.4246114628882,1.2891246684350133,1.1894552028193321,9.966946561568115,6.036903883967642
203954,Joel Embiid,851,954,870.461009248286,1.1210340775558167,1.0228684009968108,9.816567655900585,3.610676977043897
1627750,Jamal Murray,986,1093,996.6342548884529,1.1085192697768762,1.0107852483655708,9.773402141130536,3.766772958334104
1626156,D'Angelo Russell,1080,1210,1104.8360402665303,1.1203703703703705,1.0229963335801207,9.737403679024974,3.782191897376315
202331,Paul George,1236,1407,1287.9990454279248,1.1383495145631068,1.0420704251034991,9.627908945960778,3.5263765490895693
1629603,Mamadi Diakite,6,8,7.428704207001713,1.3333333333333333,1.2381173678336188,9.521596549971445,47.243399910793684
1626164,Devin Booker,1305,1436,1312.675608462125,1.100383141762452,1.0058816923081417,9.450144945431038,3.1581781975761727
1627751,Jakob Poeltl,378,496,460.30457863933003,1.312169312169312,1.2177369805273282,9.443233164198404,4.605463632629572
203078,Bradley Beal,735,855,786.0269799007813,1.163265306122449,1.0694244624500426,9.384084367240643,4.241314846886903
1628401,Derrick White,839,970,892.0865711413109,1.1561382598331347,1.0632736247214671,9.286463511166763,4.431621541110575
1630559,Austin Reaves,940,1068,981.0685816667087,1.1361702127659574,1.0436899804964987,9.24802322694588,3.8894001021839966
1628973,Jalen Brunson,1648,1791,1638.7711203648555,1.0867718446601942,0.9943999516777036,9.237189298249058,2.869173523099933
2544,LeBron James,1269,1519,1401.9229388950087,1.1970055161544524,1.1047462087431117,9.22593074113407,3.0803212982737493
1629130,Duncan Robinson,675,795,732.8997600166867,1.1777777777777778,1.0857774222469434,9.200035553083445,5.110350529021165
1631257,Jermaine Samuels Jr.,14,18,16.73820344728953,1.2857142857142858,1.1955859605206807,9.012832519360511,24.45098629018462
1630547,James Bouknight,41,49,45.37611262771128,1.1951219512195121,1.1067344543344215,8.838749688509075,21.354828661094928
1630167,Obi Toppin,579,766,715.0810255566764,1.322970639032815,1.2350276779908056,8.794296104200964,4.804479770475812
1626157,Karl-Anthony Towns,951,1094,1012.2144249639009,1.1503680336487907,1.0643684805088338,8.599955313995698,3.776530400610901
101108,Chris Paul,467,490,450.3152557548408,1.0492505353319057,0.9642724962630423,8.497803906886341,5.628732896564784
1630174,Aaron Nesmith,635,770,719.0617678476126,1.2125984251968505,1.132380736767894,8.021768842895654,4.960702513592947
1629028,Deandre Ayton,749,855,794.954176051378,1.1415220293724966,1.061354040122,8.016798925049667,3.5027678718325217
1626171,Bobby Portis,918,1032,958.439739746335,1.1241830065359477,1.0440520040809749,8.013100245497276,3.709796329440001
1630196,Filip Petrusev,2,2,1.8420635078448762,1.0,0.9210317539224381,7.8968246077561925,100.20109263635901
203926,Doug McDermott,284,340,317.6388644494608,1.1971830985915493,1.1184467058079606,7.87363927835887,8.257647703994113
1629614,Andrew Nembhard,522,581,540.0989389915818,1.1130268199233717,1.0346722969187392,7.835452300463255,4.974427434392162
1641787,Tosan Evbuomwan,71,84,78.44013515965301,1.1830985915492958,1.1047906360514508,7.830795549784492,14.524098153821734
1627826,Ivica Zubac,519,674,633.4450512221727,1.298651252408478,1.220510695996479,7.814055641199874,4.108595709669172
1629057,Robert Williams III,26,34,31.982140398671604,1.3076923076923077,1.2300823230258309,7.760998466647679,19.49983864518755
1627783,Pascal Siakam,1271,1447,1348.496372303651,1.138473642800944,1.0609727555496862,7.750088725125805,2.9696913089196424
1630215,Jared Butler,201,220,204.44358991331615,1.0945273631840795,1.017132288125951,7.739507505812863,7.9276802127431445
1629008,Michael Porter Jr.,1079,1264,1182.9196304551936,1.1714550509731232,1.0963110569556938,7.514399401742951,3.7969868674930267
1630570,Trendon Watford,311,355,331.6737949080687,1.1414790996784565,1.0664752247847868,7.5003874893669735,6.1819766998062455
1629750,Javonte Green,75,100,94.3948064594216,1.3333333333333333,1.2585974194589546,7.473591387437864,13.004856783277916
1627742,Brandon Ingram,1017,1086,1010.2897687300037,1.0678466076696165,0.993401935821046,7.444467184857055,3.429178658374747
1631367,Jacob Gilyard,150,171,159.84100741163783,1.14,1.0656067160775855,7.439328392241445,11.520412623822631
202691,Klay Thompson,1133,1248,1164.3247835117886,1.1015004413062666,1.0276476465240854,7.385279478218128,3.8383965769625688
1631221,Collin Gillespie,69,79,73.99151783626203,1.144927536231884,1.0723408382066961,7.258669802518791,15.397967624843217
1630649,Stanley Umude,84,98,91.96504264291706,1.1666666666666667,1.094821936225203,7.184473044146363,14.651359686982918
1630208,Nick Richards,376,520,493.87368907244445,1.3829787234042554,1.3134938539160756,6.9484869488179655,4.412339931085723
1626224,Cedi Osman,384,454,427.9453240889615,1.1822916666666667,1.1144409481483373,6.78507185183294,6.394265949306327
1629027,Trae Young,1008,1041,973.8054087645567,1.0327380952380953,0.9660767944092824,6.666130082881285,3.850366427422449
1630241,Sam Merrill,393,459,433.3609811117463,1.16793893129771,1.1026996974853596,6.523923381235039,7.221640139123709
203967,Dario Saric,388,436,410.7959927239659,1.1237113402061856,1.0587525585669224,6.495878163926308,6.224721039376581
1627734,Domantas Sabonis,1068,1301,1232.0324895970339,1.2181647940074907,1.1535884734054624,6.457632060202821,3.00836112022401
202711,Bojan Bogdanovic,681,751,707.6428145045099,1.1027900146842877,1.0391230756307048,6.3666939053583045,4.769989809758121
1628988,Aaron Holiday,417,456,429.542829856674,1.0935251798561152,1.0300787286730793,6.3446451183035935,6.145886254976728
1626167,Myles Turner,909,1068,1010.8568101651039,1.174917491749175,1.1120536965512693,6.286379519790554,3.7773247144876163
202685,Jonas Valanciunas,719,841,796.5488071880607,1.1696801112656467,1.107856477313019,6.182363395262773,3.879492690333515
1629060,Rui Hachimura,676,824,783.8955829659601,1.2189349112426036,1.159608850541361,5.932606070124245,4.334775653443468
203084,Harrison Barnes,732,843,800.6035102754422,1.151639344262295,1.0937206424527899,5.791870180950519,4.632148225134679
1631323,Simone Fontecchio,548,638,606.5727488784455,1.1642335766423357,1.1068845782453385,5.734899839699724,5.525366793127526
1629599,Amir Coffey,352,402,382.1870121575638,1.1420454545454546,1.0857585572658062,5.62868972796483,6.557954607999575
1629012,Collin Sexton,1038,1140,1082.2292865301285,1.0982658959537572,1.0426101026301817,5.565579332357558,3.5270745597174984
1629634,Brandon Clarke,59,67,63.72673403773555,1.1355932203389831,1.080114136232806,5.547908410617717,13.33036186146341
200768,Kyle Lowry,377,424,403.123250922576,1.1246684350132625,1.0692924427654535,5.5375992247809,6.77479444560492
1628368,De'Aaron Fox,1549,1654,1568.4149963539942,1.067785668173015,1.012533890480306,5.525177769270872,2.9752643316141874
204001,Kristaps Porzingis,752,886,844.7856070262798,1.178191489361702,1.1233851157264358,5.480637363526627,4.22515397348458
1629675,Naz Reid,851,981,935.307681553552,1.1527614571092832,1.0990689559971234,5.36925011121598,4.203578532369173
201152,Thaddeus Young,108,131,125.25508685161209,1.212962962962963,1.159769322700112,5.3193640262851005,9.637829693688293
1630611,Gui Santos,55,66,63.12627797131924,1.2,1.1477505085694408,5.224949143055927,16.417687566498937
1629639,Tyler Herro,735,780,741.6917087818232,1.0612244897959184,1.0091043656895553,5.2120124106363,4.535755613757548
1627832,Fred VanVleet,1018,1073,1021.8370087008218,1.0540275049115913,1.003769163753263,5.025834115832829,4.009330468289724
1627752,Taurean Prince,572,647,619.3046203799806,1.131118881118881,1.0827003852796864,4.84184958391947,5.4145345967688545
1641717,Cason Wallace,442,532,510.7881616106924,1.2036199095022624,1.1556293249110687,4.79905845911937,5.940250425985441
1629021,Moritz Wagner,552,702,675.5519336138019,1.2717391304347827,1.2238259666916702,4.791316374311249,4.272626168243722
202694,Marcus Morris Sr.,264,280,267.35442527271715,1.0606060606060606,1.0127061563360498,4.789990427001079,7.5686871031246525
203493,Reggie Bullock Jr.,82,95,91.07802752438315,1.1585365853658536,1.1107076527363797,4.7828932629473835,15.316542829887613
1630217,Desmond Bane,776,857,820.7651308297567,1.1043814432989691,1.0576870242651504,4.669441903381871,4.3138641899228025
203507,Giannis Antetokounmpo,1369,1708,1645.4372519973244,1.2476260043827612,1.2019264075948315,4.569959678792956,2.4460164733297605
1641726,Dereck Lively II,296,442,428.6674514854173,1.4932432432432432,1.4482008496128962,4.504239363034695,4.761979142609913
1641771,Jalen Slawson,6,8,7.731743744981583,1.3333333333333333,1.2886239574969305,4.470937583640286,37.49742764411231
1631096,Chet Holmgren,953,1139,1097.4934780210099,1.1951731374606507,1.1516195991825917,4.355353827805889,3.6623351403623703
1630530,Trey Murphy III,621,719,692.0268013897746,1.1578099838969405,1.1143748814650154,4.343510243192493,5.311544078713475
1627777,Georges Niang,632,717,689.9631040724048,1.134493670886076,1.0917137722664634,4.277989861961265,5.155328264926499
1630591,Jalen Suggs,714,825,794.6845977619889,1.1554621848739495,1.1130036383221134,4.245854655183623,4.697752821352124
1631107,Nikola Jovic,281,319,307.3391043791284,1.1352313167259787,1.0937334675413821,4.149784918459644,7.657995238995485
203200,Justin Holiday,194,231,222.95769900361108,1.190721649484536,1.1492664897093354,4.14551597752006,9.547916003424199
1628369,Jayson Tatum,1426,1573,1514.898031194365,1.1030855539971949,1.062340835339667,4.074471865752797,3.1274711424143806
1627759,Jaylen Brown,1256,1399,1348.0314040205005,1.1138535031847134,1.0732734108443476,4.058009234036581,3.1963685839615903
1629627,Zion Williamson,1094,1254,1209.926559249671,1.146252285191956,1.1059657762794068,4.028650891254929,2.806876834624043
1630170,Devin Vassell,1056,1162,1120.060762751595,1.1003787878787878,1.0606636010905255,3.971518678826241,3.655367423823856
1628374,Lauri Markkanen,890,1029,993.6614810656844,1.1561797752808989,1.116473574231106,3.970620104979284,4.1099418311821765
201935,James Harden,822,890,858.0633417081726,1.0827250608272505,1.0438726784770958,3.8852382350154953,4.441400300517112
201572,Brook Lopez,755,880,850.8313246247565,1.1655629139072847,1.1269289067877568,3.8634007119527864,4.445794547135041
1626166,Cameron Payne,481,520,501.8127076167068,1.0810810810810811,1.043269662404796,3.7811418676285236,5.847790472231327
1628378,Donovan Mitchell,1089,1188,1147.0554967471726,1.0909090909090908,1.0533108326420317,3.7598258267059155,3.6300200467045367
203914,Gary Harris,297,338,326.8999869251973,1.138047138047138,1.100673356650496,3.7373781396642047,7.702722457901473
201569,Eric Gordon,618,698,675.1924562036041,1.1294498381877023,1.0925444275139224,3.6905410673779713,5.169829635138109
1627936,Alex Caruso,541,642,622.1108553852497,1.1866913123844731,1.1499276439653414,3.6763668419131803,5.580079367656713
1630193,Immanuel Quickley,894,947,916.9303026786431,1.0592841163310962,1.025649108141659,3.3635008189437245,4.134855210064389
1629004,Svi Mykhailiuk,137,156,151.39447190805205,1.1386861313868613,1.1050691380149784,3.3616993371882815,11.739308284860101
1628962,Udoka Azubuike,23,32,31.23218743235586,1.391304347826087,1.3579211927111243,3.3383155114962566,17.482497865928472
1630695,Micah Potter,40,47,45.67924912439279,1.175,1.1419812281098198,3.301877189018025,19.828025971665447
1628978,Donte DiVincenzo,1004,1173,1140.3002771567649,1.1683266932270917,1.1357572481641085,3.256944506298319,4.243431327733309
201942,DeMar DeRozan,1355,1375,1331.9612141954638,1.014760147601476,0.9829972060483128,3.176294155316328,2.878733775234288
1630230,Naji Marshall,367,398,386.4974944293066,1.0844686648501363,1.0531266878182741,3.1341977031862167,6.190447488978785
1629312,Haywood Highsmith,329,382,371.78853437109404,1.1610942249240122,1.13005633547445,3.1037889449562175,7.064933811371328
1630558,Davion Mitchell,323,349,339.01997737106296,1.0804953560371517,1.0495974531611856,3.0897902875966055,6.765385646361939
1627741,Buddy Hield,850,961,934.9687201471197,1.1305882352941177,1.099963200173082,3.0625035121035635,4.506309390426049
1630529,Herbert Jones,588,700,682.6782053438651,1.1904761904761905,1.1610173560269814,2.945883444920901,4.984134870841783
1629014,Anfernee Simons,837,876,851.4079896837233,1.0465949820788532,1.0172138466950098,2.938113538384318,4.245946152723822
1631120,JD Davison,12,13,12.648803659823102,1.0833333333333333,1.054066971651925,2.926636168140817,39.2800673449172
1629684,Grant Williams,605,678,660.4239562424893,1.1206611570247933,1.091609845028908,2.905131199588539,5.056643904007146
1631210,Jacob Toppin,9,11,10.740287839702209,1.2222222222222223,1.1933653155224677,2.8856906699754603,36.462237408341316
1628381,John Collins,746,880,858.9916841281115,1.1796246648793565,1.1514633835497474,2.816128132960925,4.010341212009519
203484,Kentavious Caldwell-Pope,587,665,648.5307929343503,1.132879045996593,1.1048224751862867,2.805657081030613,5.198172710964427
202722,Davis Bertans,234,260,253.60008166692708,1.1111111111111112,1.0837610327646456,2.735007834646546,9.125877047159001
203110,Draymond Green,372,421,411.1763392952355,1.131720430107527,1.1053127400409557,2.640769006657125,6.0349879368107695
201567,Kevin Love,359,400,390.58991039416105,1.1142061281337048,1.0879941793709222,2.6211948762782584,6.8596722097037555
1626172,Kevon Looney,233,278,271.92163915586843,1.1931330472103003,1.1670456616131692,2.6087385597131187,6.180592397279185
1630245,Ayo Dosunmu,719,839,820.695940025208,1.1668984700973575,1.1414408067109985,2.5457663386358886,4.444015702476996
1630540,Miles McBride,454,519,507.4614043323138,1.1431718061674008,1.1177563972077396,2.541540895966122,6.028634526390447
201587,Nicolas Batum,256,305,298.71787532992516,1.19140625,1.1668667005075202,2.453954949247983,8.364104926682431
1626204,Larry Nance Jr.,241,303,297.297483245049,1.2572614107883817,1.2335995155396224,2.366189524875924,7.056507887730872
1631218,Trayce Jackson-Davis,332,466,458.48671670487374,1.4036144578313252,1.380984086460463,2.263037137086222,4.676201084338093
1629637,Jaxson Hayes,175,252,248.04535419112503,1.44,1.417402023949286,2.2597976050714124,5.920782371455694
1629636,Darius Garland,841,882,863.0851207482656,1.0487514863258025,1.0262605478576285,2.24909384681741,4.126643034476879
1626168,Trey Lyles,321,370,363.12806796321064,1.1526479750778815,1.1312400871128057,2.140788796507589,7.298666901967245
1629638,Nickeil Alexander-Walker,538,603,591.7652719921118,1.120817843866171,1.0999354497994644,2.0882394066706653,5.573945270900829
1629731,Dean Wade,232,271,266.4441463645312,1.168103448275862,1.1484661481229794,1.9637300152882726,9.220383614735592
1631204,Marcus Sasser,512,528,517.9591131022278,1.03125,1.0116388927777886,1.9611107222211377,5.422180895537305
1641764,Brandin Podziemski,597,632,620.4590758434005,1.0586264656616415,1.039294934411056,1.9331531250585503,4.8477763621663605
1630578,Alperen Sengun,982,1087,1068.538685311372,1.1069246435845215,1.0881249341256336,1.879970945888789,3.240402179474394
1630178,Tyrese Maxey,1419,1488,1462.5813208589655,1.0486257928118394,1.0307126996891933,1.791309312264591,3.1272579094753685
1629631,De'Andre Hunter,663,725,713.148060406502,1.0935143288084463,1.0756381001606365,1.7876228647809873,4.7403859731969895
1630164,James Wiseman,305,374,368.5505934360614,1.2262295081967214,1.2083626014297095,1.7866906767011879,5.014368048998447
1630166,Deni Avdija,803,900,885.7387361827659,1.1207970112079702,1.1030370313608542,1.77599798471159,3.880076932935454
1628392,Isaiah Hartenstein,365,471,464.6276349622839,1.2904109589041095,1.2729524245542023,1.7458534349907184,4.842833162400403
1630590,Scotty Pippen Jr.,203,230,226.49865027720818,1.1330049261083743,1.1157568979172816,1.7248028191092686,8.188417507277435
1630544,Tre Mann,316,337,331.5557843821287,1.0664556962025316,1.04922716576623,1.7228530436301563,6.702047133688081
202710,Jimmy Butler,793,852,838.3464871024888,1.0744010088272384,1.0571834641897715,1.7217544637466806,3.786926823907799
1630200,Tre Jones,600,670,659.7219659907502,1.1166666666666667,1.0995366099845836,1.7130056682083061,4.533892062514249
1627749,Dejounte Murray,1463,1545,1520.0803594823076,1.0560492139439508,1.0390159668368473,1.7033247107103497,3.08802350529018
1628989,Kevin Huerter,560,619,609.8616246294814,1.105357142857143,1.0890386154097882,1.631852744735462,5.367387359496348
1629674,Neemias Queta,104,134,132.37413270395868,1.2884615384615385,1.2728281990765258,1.56333393850127,8.490961612616019
1629661,Cameron Johnson,619,690,680.9974925943573,1.1147011308562198,1.100157500152435,1.4543630703784727,5.06377512774807
1626196,Josh Richardson,347,374,369.0164602836746,1.0778097982708934,1.0634480123448835,1.436178592600987,6.693061387510525
203992,Bogdan Bogdanovic,1100,1182,1166.2781771063228,1.0745454545454545,1.0602528882784752,1.4292566266979272,3.843785241869993
1628386,Jarrett Allen,819,1038,1027.035441778024,1.2673992673992673,1.2540115284224957,1.338773897677161,3.199208834631304
1627780,Gary Payton II,183,226,223.5696832692872,1.2349726775956285,1.221692258302116,1.3280419293512586,8.102243058384625
1627739,Kris Dunn,313,335,330.85536911626855,1.0702875399361023,1.0570459077197079,1.3241632216394414,6.516360227418214
1626179,Terry Rozier,998,1033,1020.40260428661,1.035070140280561,1.0224474992851804,1.2622640995380792,3.8012548823213455
1627763,Malcolm Brogdon,496,518,511.7824800741904,1.0443548387096775,1.0318195162786097,1.2535322431067737,5.393724254151658
1630543,Isaiah Jackson,233,310,307.3516620588102,1.3304721030042919,1.3191058457459663,1.1366257258325418,5.5812853249695715
1630568,Luka Garza,75,81,80.15408099932986,1.08,1.068721079991065,1.1278920008935152,13.606536688203711
1630560,Cam Thomas,1190,1196,1183.4490290499973,1.0050420168067227,0.9944949823949557,1.054703441176697,3.337106314801018
1630541,Moses Moody,420,460,455.982202896892,1.0952380952380953,1.0856719116592666,0.9566183578828626,5.923028795630562
203076,Anthony Davis,1283,1455,1443.2670343579439,1.1340607950116914,1.1249158490708837,0.9144945940807572,2.6565760467641257
1630163,LaMelo Ball,423,436,432.50251524063157,1.0307328605200945,1.022464575036954,0.8268285483140504,5.8735984335967295
1629611,Terance Mann,493,579,575.4568121200211,1.1744421906693712,1.1672551969980145,0.7186993671356713,5.145820446979401
1630696,Dru Smith,33,37,36.7633400466715,1.121212121212121,1.114040607474894,0.7171513737227222,22.201261549023286
1629018,Gary Trent Jr.,847,900,894.0409893214231,1.062573789846517,1.05553835811266,0.7035431733856994,4.323429408129123
1626220,Royce O'Neale,539,584,581.6664174140118,1.0834879406307978,1.0791584738664413,0.43294667643566065,5.860790493446713
1631105,Jalen Duren,564,698,696.7184874801773,1.2375886524822695,1.235316467163435,0.22721853188346466,3.7354125750043448
203081,Damian Lillard,1277,1302,1299.5419754933064,1.0195771339075959,1.0176522909109682,0.19248429966277358,3.3938594860321443
1631466,Nate Williams,50,56,55.94378583785151,1.12,1.1188757167570302,0.11242832429698524,13.380147977614795
1630699,MarJon Beauchamp,166,192,191.81933747697258,1.1566265060240963,1.155538177572124,0.10883284519724226,9.497433108964245
1641748,Andre Jackson Jr.,100,117,117.01156494911712,1.17,1.170115649491171,-0.011564949117115475,11.940358173999076
1628398,Kyle Kuzma,1313,1367,1367.4134193283858,1.041127189642041,1.041442055847971,-0.03148662059297572,3.0770659733304737
1630183,Jaden McDaniels,628,700,700.6505669624576,1.1146496815286624,1.1156856161822573,-0.10359346535948413,4.61148613505808
1641706,Brandon Miller,1083,1136,1137.4928572352596,1.048938134810711,1.05031658101132,-0.13784462006090809,3.659346551172075
1628976,Wendell Carter Jr.,425,510,510.73386586253355,1.2,1.2017267432059613,-0.17267432059612903,5.575060198734871
1631099,Keegan Murray,975,1069,1071.9347445993126,1.0964102564102565,1.0994202508710897,-0.30099944608334156,3.94123518745349
1630595,Cade Cunningham,1167,1167,1171.9692060304387,1.0,1.0042581028538464,-0.4258102853846381,3.295658216985426
203939,Dwight Powell,106,145,145.52248082046395,1.3679245283018868,1.3728535926458865,-0.49290643439995696,8.566325267087139
1631216,Caleb Houstan,206,232,233.04963281077784,1.1262135922330097,1.1313088971396983,-0.5095304906688528,9.944503341847108
1628436,Luke Kornet,203,285,286.11687614142977,1.4039408866995073,1.4094427396129545,-0.5501852913447146,6.065835123849692
1631311,Lester Quinones,141,144,144.94569484704596,1.0212765957446808,1.0279836513974892,-0.6707055652808203,10.785022018421147
1631115,Orlando Robinson,72,80,80.50580954757721,1.1111111111111112,1.1181362437163502,-0.7025132605239095,13.145931799863506
1628370,Malik Monk,893,940,946.5605129496046,1.0526315789473684,1.0599781779950779,-0.7346599047709487,4.031774873973301
203924,Jerami Grant,850,877,884.1279742413977,1.031764705882353,1.0401505579310562,-0.8385852048703222,3.967995970094166
1630207,Nate Hinton,26,29,29.238368086426743,1.1153846153846154,1.124552618708721,-0.9168003324105483,26.919882810405323
1628426,Sasha Vezenkov,191,213,214.76223925323902,1.1151832460732984,1.12440962959811,-0.9226383524811606,9.156924335717209
1630191,Isaiah Stewart,382,439,442.55198759654587,1.149214659685864,1.1585130565354604,-0.9298396849596521,6.222489881639364
1628963,Marvin Bagley III,408,487,491.4259550321369,1.1936274509803921,1.2044753799807277,-1.0847929000335603,4.710229058611595
202699,Tobias Harris,951,1017,1027.8188382869712,1.0694006309148265,1.080776906716058,-1.137627580123153,3.591481517967071
1641854,Craig Porter Jr.,228,244,246.78954106944718,1.0701754385964912,1.0824102678484526,-1.2234829251961323,6.986213737764311
1641707,Taylor Hendricks,240,269,272.02598133547514,1.1208333333333333,1.133441588897813,-1.2608255564479738,8.061281937037174
1629632,Coby White,1209,1291,1306.5919960049198,1.0678246484698097,1.080721253932936,-1.289660546312638,3.470995605556789
1631095,Jabari Smith Jr.,833,894,904.7881422239149,1.0732292917166866,1.086180242765804,-1.295095104911748,4.152996510542489
1630641,Ibou Badji,22,28,28.295461063284446,1.2727272727272727,1.2861573210583839,-1.3430048331111166,21.525964241408772
1630162,Anthony Edwards,1558,1626,1646.9381563114086,1.0436456996148908,1.0570848243333817,-1.3439124718490787,2.87865737149457
1641730,Noah Clowney,93,112,113.25001090200877,1.2043010752688172,1.2177420527097718,-1.3440977440954491,11.242394140993865
1629022,Lonnie Walker IV,492,520,527.1059382346531,1.056910569105691,1.0713535329972623,-1.4442963891571303,5.673843160002543
1629026,Kenrich Williams,280,318,322.3125955343315,1.1357142857142857,1.1511164126226123,-1.540212690832671,7.364395333845822
203935,Marcus Smart,237,246,249.67623501691824,1.0379746835443038,1.053486223700077,-1.551154015577317,8.028541170680763
1630228,Jonathan Kuminga,862,965,978.5543535890569,1.1194895591647331,1.1352138672726877,-1.5724308107954592,3.48095872888687
1631170,Jaime Jaquez Jr.,697,747,758.0464164691906,1.0717360114777619,1.0875845286502017,-1.584851717243989,4.1967689823012115
203471,Dennis Schroder,927,944,959.0977035551482,1.0183387270765911,1.0346253544284232,-1.6286627351831933,3.8941114853146477
1630168,Onyeka Okongwu,365,469,475.3081740660878,1.284931506849315,1.3022141755235284,-1.7282668674213193,5.256539514308168
1628389,Bam Adebayo,1017,1075,1092.8333231446966,1.0570304818092429,1.0745657061403113,-1.7535224331068415,3.057775905973899
202696,Nikola Vucevic,1211,1264,1285.4619543181345,1.0437654830718415,1.0614879887020103,-1.7722505630168897,3.1457757572260028
201568,Danilo Gallinari,190,196,199.55164098047388,1.0315789473684212,1.050271794634073,-1.8692847265651986,8.653833105108868
1630631,Jose Alvarado,345,362,368.6527194865524,1.0492753623188407,1.0685586072073983,-1.9283244888557765,6.852112631697141
1641757,Jordan Miller,9,11,11.19002370289307,1.2222222222222223,1.243335966988119,-2.111374476589667,34.603067539790345
1641741,Ricky Council IV,112,120,122.37560557246714,1.0714285714285714,1.0926393354684565,-2.121076403988515,10.602873832883844
1628971,Bruce Brown,582,609,621.4252030706278,1.0463917525773196,1.0677408987467831,-2.1349146169463653,4.55397548124726
203109,Jae Crowder,270,286,292.021767211678,1.0592592592592593,1.0815621007839926,-2.2302841524733426,7.7242537935207665
1628418,Thomas Bryant,149,176,179.3287755777261,1.1812080536912752,1.2035488293807122,-2.234077568943695,7.911047017679401
1628969,Mikal Bridges,1294,1348,1379.161406894892,1.0417310664605872,1.0658125246482937,-2.408145818770636,3.3543226804308968
203897,Zach LaVine,376,399,408.2918040136205,1.0611702127659575,1.0858824574830332,-2.4712244717075778,6.167610977583981
1630596,Evan Mobley,553,662,675.7704841522375,1.197106690777577,1.2220081087743897,-2.4901417996812816,4.060153832433384
1630182,Josh Green,374,430,439.77346707215986,1.1497326203208555,1.1758648852196787,-2.6132264898823157,6.226153943219407
1628420,Monte Morris,153,151,155.00005680560707,0.9869281045751634,1.0130722667033143,-2.6144162128150805,9.844523505201916
1641733,Nick Smith Jr.,289,289,296.6634857846485,1.0,1.0265172518499948,-2.6517251849994863,7.503516333605918
1628970,Miles Bridges,1210,1275,1307.3452242226533,1.0537190082644627,1.0804505985311184,-2.673159026665563,3.267756377915392
1630175,Cole Anthony,763,757,778.5279875745113,0.9921363040629095,1.0203512288001457,-2.821492473723625,4.1735731895064045
202704,Reggie Jackson,756,754,775.5494241688718,0.9973544973544973,1.025859026678402,-2.850452932390455,4.231976738146426
1641871,Duop Reath,499,548,562.6013745302383,1.0981963927855711,1.127457664389255,-2.926127160368403,5.415098024263018
203952,Andrew Wiggins,780,797,820.1160882924331,1.0217948717948717,1.0514308824261962,-2.963601063132451,4.077316676377489
1626192,Pat Connaughton,347,384,394.53090236497104,1.106628242074928,1.1369766638759973,-3.0348421801069283,6.9126649187818385
202684,Tristan Thompson,119,146,149.62486650773397,1.226890756302521,1.2573518193927224,-3.0461063090201423,8.78821188630132
1629673,Jordan Poole,1186,1164,1200.2057719252407,0.9814502529510961,1.0119778852658017,-3.0527632314705477,3.4519716284601056
1629652,Luguentz Dort,657,732,752.5355813244767,1.1141552511415524,1.1454118437206646,-3.1256592579112104,5.018916767078292
203944,Julius Randle,836,866,892.3166470919755,1.0358851674641147,1.0673644103970998,-3.1479242932985025,3.7989493232530847
1628415,Dillon Brooks,768,791,815.8318344755534,1.0299479166666667,1.0622810344733769,-3.233311780671011,4.3596688085093795
1630209,Omer Yurtseven,184,203,208.99051879386195,1.1032608695652173,1.1358180369231627,-3.2557167357945396,7.483132171962565
1630581,Josh Giddey,847,886,914.3788788666337,1.0460448642266824,1.0795500340810316,-3.350516985434915,3.8454744475943152
1628380,Zach Collins,616,654,674.6799190644307,1.0616883116883118,1.095259608870829,-3.3571297182517355,4.4424655885033095
1641926,Dexter Dennis,19,21,21.675900412131906,1.105263157894737,1.1408368637964161,-3.557370590167926,24.331875763145234
1641778,Leaky Black,52,59,60.93394617299737,1.1346153846153846,1.1718066571730263,-3.71912725576418,16.167089808504834
1630532,Franz Wagner,1096,1150,1190.8847205197017,1.0492700729927007,1.086573650109217,-3.7303577116516116,3.2539570024424718
1630194,Paul Reed,480,539,556.9478928383944,1.1229166666666666,1.1603081100799884,-3.7391443413321688,4.639952100470009
1631109,Mark Williams,151,196,201.7382682914774,1.2980132450331126,1.3360150217978635,-3.800177676475097,6.963158486306519
201565,Derrick Rose,165,167,173.42302626585285,1.0121212121212122,1.0510486440354718,-3.8927431914259722,8.638229755040843
1631094,Paolo Banchero,1407,1399,1454.167853761606,0.994314143567875,1.0335237055874953,-3.9209562019620474,2.8723511975632383
203552,Seth Curry,204,198,206.09710029641522,0.9705882352941176,1.0102799034138001,-3.969166811968245,8.615556152771758
1631262,Jules Bernard,64,69,71.55825531866667,1.078125,1.1180977393541667,-3.9972739354166675,15.625266292543575
203501,Tim Hardaway Jr.,976,995,1034.2673114009683,1.0194672131147542,1.0597001141403364,-4.023290102558229,4.05679431890596
203496,Robert Covington,98,105,108.98826461956372,1.0714285714285714,1.1121251491792217,-4.069657775065023,12.67022400327154
201145,Jeff Green,366,387,402.00020360369706,1.0573770491803278,1.0983612120319592,-4.098416285163131,6.094827415515967
1631246,Vince Williams Jr.,379,417,432.557948416817,1.1002638522427441,1.1413138480654803,-4.1049995822736145,6.4092843012656555
1627745,Damian Jones,72,89,92.016080553558,1.2361111111111112,1.2780011187994167,-4.189000768830553,11.363498665598394
1629013,Landry Shamet,274,289,300.48783175659094,1.0547445255474452,1.096670918819675,-4.1926393272229685,7.53783093370593
1631117,Walker Kessler,350,462,476.7466659907592,1.32,1.362133331402169,-4.213333140216913,4.609442542878597
1629651,Nic Claxton,582,733,759.1299080038257,1.2594501718213058,1.3043469209687726,-4.489674914746679,3.69663824657104
1629628,RJ Barrett,880,962,1002.0444756436635,1.0931818181818183,1.1386869041405268,-4.5505085958708555,3.710116859754716
1628384,OG Anunoby,577,666,692.5927202959384,1.1542461005199307,1.200334003979096,-4.608790345916537,4.926589501419723
1629670,Jordan Nwora,299,320,334.07709837970964,1.0702341137123745,1.1173147103000323,-4.708059658765765,6.8325766143373015
1630567,Scottie Barnes,942,995,1039.7234176180034,1.056263269639066,1.1037403584055239,-4.747708876645796,3.588919182255263
1631254,Kenneth Lofton Jr.,78,79,82.73825192984255,1.0128205128205128,1.060746819613366,-4.792630679285318,12.500102617207581
1630556,Kessler Edwards,82,88,91.93757564509208,1.0731707317073171,1.1211899468913669,-4.801921518404978,14.39079724976918
1630929,Henri Drell,10,10,10.48330375558565,1.0,1.0483303755585651,-4.833037555856503,40.282341983768156
202330,Gordon Hayward,403,411,430.48800778579425,1.0198511166253101,1.0682084560441545,-4.83573394188443,5.484266993365656
1628371,Jonathan Isaac,286,334,348.1850850039253,1.167832167832168,1.2174303671465918,-4.959819931442406,6.737445307523125
1628470,Torrey Craig,251,276,288.45481664556036,1.099601593625498,1.1492223770739456,-4.962078344844763,8.220395855510196
1641715,Cam Whitmore,467,503,526.1813574970707,1.077087794432548,1.1267266755825927,-4.9638881150044405,5.564974240113055
1641716,Jarace Walker,110,112,117.53988640888622,1.018181818181818,1.0685444218989657,-5.036260371714744,12.083030363399335
1628464,Daniel Theis,293,338,352.9055591515719,1.1535836177474403,1.2044558332818154,-5.087221553437502,6.20834269021292
1629002,Chimezie Metu,244,274,286.5136452891934,1.1229508196721312,1.174236251185219,-5.128543151308767,7.054755810615887
1630579,Jericho Sims,55,76,78.82718304743706,1.3818181818181818,1.4332215099534011,-5.140332813521928,11.366889645139555
203458,Alex Len,81,100,104.17175024257821,1.2345679012345678,1.2860709906491137,-5.1503089414545835,10.272045304911623
1630201,Malachi Flynn,325,328,344.83054274303777,1.0092307692307692,1.0610170545939623,-5.178628536319313,6.765129822564717
1630552,Jalen Johnson,702,789,825.6372498514766,1.123931623931624,1.1761214385348668,-5.218981460324295,4.1054087996980355
1641718,Keyonte George,815,785,827.9419698495758,0.9631901840490797,1.0158797176068415,-5.268953355776172,4.305910231629282
1629630,Ja Morant,170,174,182.96041076348004,1.0235294117647058,1.076237710373412,-5.270829860870613,8.411212890307151
1628991,Jaren Jackson Jr.,1161,1149,1210.240208190808,0.9896640826873385,1.0424118933598692,-5.274781067253063,3.316518624437522
1628997,Caleb Martin,559,563,593.0630378494967,1.0071556350626119,1.0609356669937329,-5.378003193112113,4.982905862533644
1631097,Bennedict Mathurin,663,672,708.1185754978146,1.0135746606334841,1.0680521500721185,-5.447748943863441,4.490517309873218
1628449,Chris Boucher,217,251,262.83120775098905,1.1566820276497696,1.2112037223547882,-5.452169470501867,7.76808889145897
1631131,Oscar Tshiebwe,20,20,21.094255630509362,1.0,1.0547127815254682,-5.471278152546812,22.449771297994754
201976,Patrick Beverley,379,377,398.6588771730547,0.9947229551451188,1.0518703883194056,-5.714743317428678,6.187771448402681
1629640,Keldon Johnson,862,909,958.8618789502381,1.054524361948956,1.1123687690838029,-5.7844407134846945,4.0405192136635275
1630171,Isaac Okoro,480,554,582.0204798317153,1.1541666666666666,1.2125426663160737,-5.837599964940689,5.50993135444559
203497,Rudy Gobert,614,812,848.0661482740189,1.3224755700325732,1.3812152252019851,-5.873965516941194,3.421287887242016
1629642,Nassir Little,124,135,142.35940384118615,1.0887096774193548,1.1480597083966626,-5.935003097730767,10.732681257581879
1631306,Cole Swider,38,40,42.26967755152015,1.0526315789473684,1.1123599355663196,-5.972835661895123,21.387577976500832
203937,Kyle Anderson,433,409,435.01025157300853,0.9445727482678984,1.0046426133325832,-6.006986506468483,4.944420007215693
1628467,Maxi Kleber,146,158,166.8406756808695,1.082191780821918,1.1427443539785582,-6.055257315664048,10.476333627547401
1641711,Gradey Dick,445,466,493.19883468887184,1.047191011235955,1.1083119880648806,-6.112097682892548,5.863420921281507
203903,Jordan Clarkson,816,765,815.2818081202365,0.9375,0.9991198628924467,-6.1619862892446715,4.024306122339711
1628995,Kevin Knox II,186,203,214.5183095943759,1.0913978494623655,1.1533242451310532,-6.19263956686876,8.771848490603972
1630256,Jae'Sean Tate,229,239,253.44783839377908,1.0436681222707425,1.1067591196234894,-6.309099735274708,7.5090383057812975
1641816,Hunter Tyson,20,20,21.269411470849146,1.0,1.0634705735424572,-6.34705735424573,29.238220159974325
1631093,Jaden Ivey,973,958,1020.9996027971889,0.9845837615621789,1.0493315547761448,-6.4747793213966,3.693502952582739
1630700,Dyson Daniels,311,320,340.19798780738347,1.0289389067524115,1.0938842051684357,-6.494529841602402,6.655859905602757
1629669,Jaylen Nowell,78,74,79.10449200684421,0.9487179487179487,1.0141601539339002,-6.544220521595142,12.893636001336754
1631173,Terquavion Smith,46,49,52.02917267983243,1.065217391304348,1.131068971300705,-6.585157999635713,19.987801816039863
1631119,Jaylin Williams,228,243,258.2048584057515,1.0657894736842106,1.132477449148033,-6.66879754638224,8.555787578574842
1630224,Jalen Green,1332,1327,1416.3018867074195,0.9962462462462462,1.0632897047352998,-6.704345848905367,3.221191989370171
1631108,Max Christie,241,248,264.1658198452449,1.0290456431535269,1.0961237337976968,-6.707809064416982,7.757261664202114
1628975,Jevon Carter,365,353,377.55046961814764,0.9671232876712329,1.0343848482688978,-6.726156059766478,6.721049711045763
1641722,Jordan Hawkins,456,457,488.12354708115066,1.0021929824561404,1.070446375177962,-6.825339272182163,6.089899679787993
201580,JaVale McGee,132,159,168.01440837288573,1.2045454545454546,1.272836427067316,-6.8290972521861555,7.585382910543309
1631103,Malaki Branham,628,635,678.9099860758062,1.0111464968152866,1.0810668568086086,-6.992035999332192,4.6821424550420705
203915,Spencer Dinwiddie,640,626,671.5675382087094,0.978125,1.0493242784511083,-7.1199278451108405,4.8913569229262395
1630583,Santi Aldama,568,600,641.5397919629609,1.056338028169014,1.1294714647235227,-7.313343655450856,5.131045071688417
1629023,P.J. Washington,811,840,899.5102450967738,1.0357583230579532,1.1091371702796224,-7.337884722166931,4.193967384010092
1629680,Matisse Thybulle,317,332,355.7158903857637,1.0473186119873816,1.1221321463273304,-7.481353433994863,7.369617806950497
1628981,Bruno Fernando,187,218,232.00907095976405,1.1657754010695187,1.2406902190361713,-7.491481796665266,6.630261432288766
1629111,Jock Landale,206,222,237.44133212065333,1.0776699029126213,1.1526278258284142,-7.495792291579286,7.321823089367097
1626174,Christian Wood,264,281,300.8748821530796,1.0643939393939394,1.1396775839131803,-7.528364451924101,7.0057678391031715
1630526,Jeremiah Robinson-Earl,95,103,110.19009440252997,1.0842105263157895,1.159895730552947,-7.568520423715752,11.975559296645002
1630592,Jalen Wilson,179,176,189.57180309004121,0.9832402234636871,1.0590603524583309,-7.582012899464366,8.626528135414869
1630702,Jaden Hardy,479,471,507.66176826274506,0.9832985386221295,1.059836676957714,-7.653813833558466,5.493991499008131
1629234,Drew Eubanks,253,307,326.3726303326195,1.2134387351778657,1.2900103965716185,-7.6571661393753,5.866187587427307
1630572,Sandro Mamukelashvili,155,165,176.96934144846003,1.064516129032258,1.1417376867642584,-7.722155773200018,9.14554916746888
1627788,Furkan Korkmaz,76,74,79.88239848602407,0.9736842105263158,1.05108419060558,-7.7399980079264115,14.003545898103559
203490,Otto Porter Jr.,33,36,38.60547688590898,1.0909090909090908,1.1698629359366357,-7.895384502754478,23.787908394420448
1626246,Boban Marjanovic,34,36,38.73530724363167,1.0588235294117647,1.139273742459755,-8.045021304799018,14.643732483418692
1641713,GG Jackson,563,584,631.3474678836961,1.0373001776198933,1.1213986996158014,-8.40985219959079,5.057003993349694
202692,Alec Burks,569,544,592.0330342851063,0.9560632688927944,1.0404798493587104,-8.441658046591614,5.325529213176204
1630538,Bones Hyland,251,238,259.24508233546015,0.9482071713147411,1.032848933607411,-8.464176229266993,7.678855279262016
1630165,Killian Hayes,283,256,280.1030919113451,0.9045936395759717,0.9897635756584632,-8.516993608249143,6.518839697379099
1627884,Derrick Jones Jr.,495,560,602.2163886493081,1.1313131313131313,1.2165987649480972,-8.528563363496586,5.378408440655079
203995,Vasilije Micic,370,361,392.6327351082572,0.9756756756756757,1.061169554346641,-8.549387867096534,5.956185984559163
1630172,Patrick Williams,359,377,407.747342037581,1.0501392757660166,1.1357864680712564,-8.564719230523957,6.351671705937948
1629622,Max Strus,728,776,838.4391644536774,1.065934065934066,1.1517021489748316,-8.576808304076573,4.786469203771515
1631121,Bryce McGowens,230,236,256.16060289848014,1.0260869565217392,1.1137417517325223,-8.765479521078321,7.839413043331772
1641710,Anthony Black,247,267,288.91290414146886,1.0809716599190284,1.1696878710180925,-8.871621109906421,7.323673892647352
1641729,Brice Sensabaugh,218,204,223.5122878105505,0.9357798165137615,1.0252857239016078,-8.950590738784635,8.21565953909226
1628365,Markelle Fultz,326,312,341.4402983134442,0.9570552147239264,1.0473628782620987,-9.03076635381724,5.506536258866281
1629660,Ty Jerome,4,4,4.3625113852074096,1.0,1.0906278463018524,-9.062784630185238,70.6948338924589
1641766,Adama Sanogo,27,28,30.52073598359037,1.037037037037037,1.1303976290218656,-9.336059198482854,18.550141232539985
1630549,Day'Ron Sharpe,294,340,367.7979515470376,1.1564625850340136,1.2510134406361824,-9.45508556021687,5.448215182821691
202687,Bismack Biyombo,131,148,160.42731360735712,1.1297709923664123,1.2246359817355505,-9.486498936913833,8.15292758291562
1627827,Dorian Finney-Smith,511,547,596.0672600352935,1.0704500978473581,1.1664721331414747,-9.602203529411653,5.640887738169332
1630647,Eugene Omoruyi,167,175,191.2049405316946,1.0479041916167664,1.144939763662842,-9.703557204607547,8.306891146941723
1631128,Christian Braun,483,507,553.9702525277082,1.049689440993789,1.1469363406370772,-9.724689964328824,5.144574226761105
1626153,Delon Wright,188,173,191.4745177365887,0.9202127659574468,1.0184814773222803,-9.826871136483348,8.293581114468587
1627863,Danuel House Jr.,105,109,119.4241919542006,1.0380952380952382,1.1373732567066723,-9.927801861143424,11.236059565198184
1641970,Maozinha Pereira,35,41,44.553164673851256,1.1714285714285715,1.272947562110036,-10.151899068146447,19.5633127011399
1630577,Julian Champagnie,402,429,470.7187902468879,1.0671641791044777,1.170942264295741,-10.377808519126349,6.557149058811793
1631111,Wendell Moore Jr.,18,18,19.878276154001426,1.0,1.1043486752223015,-10.434867522230146,23.506290430313737
1631288,Jamal Cain,79,79,87.28191255866015,1.0,1.1048343361855715,-10.483433618557155,13.19526123873524
1626158,Richaun Holmes,147,165,180.63353329544498,1.1224489795918366,1.2287995462275167,-10.635056663568012,7.5784709111331185
1630227,Daishen Nix,24,24,26.552733997552096,1.0,1.1063639165646706,-10.636391656467065,26.62330697912608
1641705,Victor Wembanyama,1186,1230,1356.159128483327,1.0370994940978078,1.1434731268830751,-10.637363278526736,3.2007092467894043
203932,Aaron Gordon,716,836,912.423265518048,1.1675977653631284,1.274334169717944,-10.67364043548156,3.625746389644287
1629001,De'Anthony Melton,360,355,393.6064906126792,0.9861111111111112,1.0933513628129978,-10.72402517018866,6.681421190935888
1629659,Talen Horton-Tucker,465,428,478.57156527837867,0.9204301075268817,1.0291861618889864,-10.875605436210467,5.3363455955549055
202709,Cory Joseph,64,59,66.01577721677718,0.921875,1.0314965190121435,-10.962151901214344,15.897507986153034
1629048,Goga Bitadze,209,254,276.97186415557775,1.215311004784689,1.3252242304094628,-10.991322562477391,6.4016539943323565
1641998,Trey Jemison,136,150,165.00974435808806,1.1029411764705883,1.213306943809471,-11.036576733888277,8.16950836160155
1630264,Anthony Gill,160,160,177.7612506359225,1.0,1.1110078164745156,-11.100781647451559,8.463939897933098
1630553,Keon Johnson,21,20,22.33430497718702,0.9523809523809523,1.063538332247001,-11.11573798660486,26.691986341833562
1630204,Ashton Hagans,71,66,73.95578353991894,0.9295774647887324,1.0416307540833654,-11.205328929463295,13.280999402876322
1630537,Chris Duarte,210,204,227.8238621904604,0.9714285714285714,1.0848755342402876,-11.34469628117162,8.650271889946383
1627732,Ben Simmons,74,86,94.63409805181601,1.162162162162162,1.2788391628623785,-11.667700070021636,9.911234595784759
202397,Ish Smith,158,136,154.53633258933183,0.8607594936708861,0.9780780543628597,-11.731856069197363,8.212480370873514
1641739,Toumani Camara,438,452,503.5904255134805,1.0319634703196348,1.1497498299394533,-11.778635961981852,5.506119059621968
1628964,Mo Bamba,198,219,242.39709045063387,1.106060606060606,1.2242277295486559,-11.816712348804984,8.068154701046774
1641774,Tristan Vukcevic,67,68,75.91975386440515,1.0149253731343284,1.1331306546926143,-11.820528155828585,14.170212913612884
1631133,Jabari Walker,509,509,569.839291496097,1.0,1.1195270952772043,-11.952709527720424,4.761990791687216
1628972,Troy Brown Jr.,226,215,243.33950711092933,0.9513274336283186,1.0767234827917227,-12.539604916340414,8.443764058965678
1630658,Colin Castleton,16,18,20.008694880246825,1.125,1.2505434300154266,-12.554343001542655,23.885766703818344
1631101,Shaedon Sharpe,434,412,466.67407787817274,0.9493087557603687,1.0752858937285086,-12.597713796813995,5.597403482388316
203933,T.J. Warren,41,38,43.18462183445837,0.926829268292683,1.0532834593770335,-12.645419108435046,16.705839155390176
1641708,Amen Thompson,446,486,542.5973571910954,1.0896860986547086,1.2165860026706175,-12.689990401590897,4.503259955471051
1631230,Dominick Barlow,113,115,129.4494114152768,1.0176991150442478,1.1455700125245736,-12.78708974803258,9.484903904054187
1631222,Jake LaRavia,303,289,328.2830553301201,0.9537953795379538,1.0834424268320795,-12.964704729412569,6.964479256518145
203994,Jusuf Nurkic,627,662,743.3984073840949,1.0558213716108453,1.185643392957089,-12.98220213462438,4.022355107028652
203083,Andre Drummond,480,534,596.4732689659,1.1125,1.2426526436789584,-13.015264367895844,4.311761323259472
1627747,Caris LeVert,820,798,905.6740292947126,0.973170731707317,1.1044805235301374,-13.13097918228202,4.026656315350711
203486,Mason Plumlee,153,174,194.331977270908,1.1372549019607843,1.2701436422935164,-13.288874033273201,7.376810345027416
1630205,Lamar Stevens,240,230,262.3149561673417,0.9583333333333334,1.0929789840305904,-13.464565069725698,6.804326373965407
201599,DeAndre Jordan,93,116,128.58571636365608,1.2473118279569892,1.382642111437162,-13.533028348017288,8.884264624138012
1630625,Dalano Banton,500,463,531.5674361441351,0.926,1.06313487228827,-13.713487228827011,5.023561293349426
202693,Markieff Morris,68,61,70.53370173609093,0.8970588235294118,1.037260319648396,-14.02014961189843,15.376798081496387
1628984,Devonte' Graham,108,101,116.214262832609,0.9351851851851852,1.076057989190824,-14.087280400563884,12.468124164459729
1631106,Tari Eason,189,194,220.75772304739516,1.0264550264550265,1.1680302806740486,-14.1575254219022,8.027727162711678
1630219,Skylar Mays,159,142,164.67684548619525,0.8930817610062893,1.0357034307307877,-14.26216697244984,9.23197246004164
1628404,Josh Hart,679,670,766.9709676685326,0.9867452135493373,1.1295595989227285,-14.281438537339113,4.323954578590011
1631241,Javon Freeman-Liberty,124,120,137.73001398867362,0.967741935483871,1.1107259192634968,-14.298398377962595,10.01249595300237
1641724,Jett Howard,30,27,31.291560670587465,0.9,1.0430520223529156,-14.305202235291551,24.06991832932697
1631172,Ousmane Dieng,116,119,135.6505961430995,1.0258620689655173,1.1694016908887888,-14.35396219232716,11.131475653775
200782,P.J. Tucker,50,49,56.333156750901644,0.98,1.126663135018033,-14.666313501803288,18.73976649674124
201566,Russell Westbrook,663,644,741.3873648592174,0.971342383107089,1.118231319546331,-14.688893643924198,4.082807344680268
1630846,Olivier Sarr,19,24,26.81569886446544,1.263157894736842,1.4113525718139706,-14.819467707712839,24.953437834034844
202083,Wesley Matthews,97,92,106.57761866516883,0.9484536082474226,1.0987383367543178,-15.028472850689514,13.479844157690607
1641731,Bilal Coulibaly,432,440,505.94467166327985,1.0185185185185186,1.1711682214427774,-15.264970292425891,5.514450637958286
1630527,Brandon Boston Jr.,161,144,168.58154784419256,0.8944099378881988,1.047090359280699,-15.268042139250035,8.513862605211857
201577,Robin Lopez,19,16,18.906256498407025,0.8421052631578947,0.9950661314951066,-15.296086833721183,26.73350062245542
1631212,Peyton Watson,447,461,529.3775379643839,1.0313199105145414,1.1842897941037671,-15.296988358922578,5.174712338048315
1630197,Aleksej Pokusevski,121,116,134.55301661852386,0.9586776859504132,1.1120084018059824,-15.333071585556906,10.52163899747768
1630550,JT Thor,183,188,216.1276848166691,1.0273224043715847,1.181025600091088,-15.370319571950331,8.64680925190357
1626162,Kelly Oubre Jr.,878,875,1010.1305738848586,0.9965831435079726,1.1504904030579255,-15.390725954995279,3.7675291081949336
203925,Joe Harris,39,38,44.00406983047253,0.9743589743589743,1.128309482832629,-15.395050847365463,21.12658767345523
1630678,Terry Taylor,39,42,48.063544610716676,1.0769230769230769,1.232398579761966,-15.547550283888912,16.87350785784049
1641767,Ben Sheppard,229,229,264.75398546511997,1.0,1.1561309408957203,-15.613094089572039,8.352880912515987
1630180,Saddiq Bey,697,693,801.9743235390383,0.994261119081779,1.1506087855653349,-15.63476664835557,4.522390666573406
1631112,Kendall Brown,15,16,18.352526285628315,1.0666666666666667,1.223501752375221,-15.683508570855434,25.183180161894175
1641709,Ausar Thompson,480,485,560.9008566820667,1.0104166666666667,1.1685434514209723,-15.812678475430555,4.538653240731039
1631169,Josh Minott,36,38,43.72404348762993,1.0555555555555556,1.2145567635452759,-15.90012079897202,19.12278371372973
1629656,Quentin Grimes,328,325,377.153691584936,0.9908536585365854,1.1498588158077316,-15.900515727114628,7.259169064673497
1629723,John Konchar,208,214,247.27838187380155,1.0288461538461537,1.1888383743932767,-15.999222054712284,8.393679179673805
1631124,Julian Strawther,222,205,240.6899444896874,0.9234234234234234,1.084188939142736,-16.07655157193126,8.31613410981838
1630703,Scoot Henderson,797,701,829.5442174769909,0.8795483061480552,1.0408333970853085,-16.12850909372533,4.0211102912155825
1629003,Shake Milton,195,176,207.58339874730268,0.9025641025641026,1.0645302499861675,-16.196614742206503,7.783107619568652
1641738,Kobe Brown,90,88,102.58516380124382,0.9777777777777777,1.1398351533471536,-16.20573755693758,12.357094619786475
1629717,Armoni Brooks,46,41,48.465042072565986,0.8913043478260869,1.0535878711427389,-16.228352331665185,19.86465822384286
1630551,Justin Champagnie,78,77,89.70041803964598,0.9871794871794872,1.1500053594826407,-16.28258723031536,13.704946486305664
1629650,Moses Brown,65,66,76.66783717982022,1.0153846153846153,1.1795051873818496,-16.412057199723424,11.128331054126692
203095,Evan Fournier,221,191,227.28830235232286,0.8642533936651584,1.028453856797841,-16.420046313268262,8.023844402198463
203991,Clint Capela,618,706,809.4445601630662,1.1423948220064726,1.3097808416878094,-16.738601968133686,3.6868189837828074
1641723,Kobe Bufkin,92,77,92.45159418679776,0.8369565217391305,1.004908632465193,-16.795211072606264,12.026541338314441
201988,Patty Mills,131,116,138.1523729247536,0.8854961832061069,1.0545982666011724,-16.91020833950656,10.845367042441836
1629020,Jarred Vanderbilt,114,126,145.33135822472144,1.105263157894737,1.2748364756554513,-16.95733177607144,9.40777215217662
1631110,Jeremy Sochan,776,750,883.9646134291605,0.9664948453608248,1.139129656480877,-17.263481112005223,3.870554563509432
1630173,Precious Achiuwa,469,496,577.0164237372883,1.0575692963752665,1.2303122041306787,-17.27429077554121,4.634561759997724
1628372,Dennis Smith Jr.,338,326,384.60354133283704,0.9644970414201184,1.1378802998012931,-17.338325838117466,5.867086195550134
1628966,Keita Bates-Diop,166,165,193.98495288046936,0.9939759036144579,1.1685840534968035,-17.460814988234556,8.842543504420563
1641753,Chris Livingston,22,23,26.872439034108986,1.0454545454545454,1.2214745015504085,-17.6019956095863,22.260774829259883
1631116,Patrick Baldwin Jr.,155,149,176.86161844174913,0.9612903225806452,1.141042699624188,-17.975237704354278,9.896651066374506
1629052,Oshae Brissett,153,151,178.52647771470305,0.9869281045751634,1.1668397236255101,-17.991161905034673,8.540109312642848
1629643,Chuma Okeke,112,103,123.16047411602244,0.9196428571428571,1.0996470903216289,-18.000423317877182,11.660228317695163
1629610,DaQuan Jeffries,17,14,17.071668067168485,0.8235294117647058,1.0042157686569697,-18.06863568922638,29.611268681260604
1630562,Matt Hurt,34,29,35.14506422740176,0.8529411764705882,1.0336783596294636,-18.073718315887533,21.03518371683932
1630231,KJ Martin,181,202,235.18804061415344,1.1160220994475138,1.2993814398572012,-18.33593404096875,7.570965030080081
1629678,Admiral Schofield,26,26,30.7780511070126,1.0,1.1837711964235615,-18.377119642356156,25.973673233243876
1630186,Jahmi'us Ramsey,41,42,49.56056995609241,1.024390243902439,1.2087943891729855,-18.440414527054656,17.687956349203844
1630533,Ziaire Williams,378,358,427.8280018743751,0.9470899470899471,1.1318201107787702,-18.473016368882302,5.95559071591125
1631205,Buddy Boeheim,29,26,31.37475463451169,0.896551724137931,1.0818880908452306,-18.533636670729962,25.60618249288533
1631104,Blake Wesley,215,216,255.97133161086748,1.0046511627906978,1.1905643330738023,-18.591317028310456,7.079661130794229
1629007,Jontay Porter,104,100,119.36656214237621,0.9615384615384616,1.147755405215156,-18.621694367669434,12.217420417052331
1630688,Ish Wainright,24,21,25.474751440990293,0.875,1.0614479767079288,-18.644797670792887,27.66978222001496
1630311,Pat Spencer,4,4,4.749846717860088,1.0,1.187461679465022,-18.74616794650219,53.79050562631544
1628385,Harry Giles III,50,49,58.41397767737667,0.98,1.1682795535475334,-18.827955354753342,15.128856262999562
1628424,Kobi Simmons,21,20,24.049841557458308,0.9523809523809523,1.1452305503551574,-19.284959797420516,25.946911104289967
1630296,Braxton Key,17,16,19.28005669068351,0.9411764705882353,1.1341209818049123,-19.2944511216677,28.829788301278064
1631223,David Roddy,409,378,457.9216639815519,0.9242053789731052,1.1196128703705426,-19.54074913974374,5.6007886338899935
1629139,Yuta Watanabe,116,107,129.7434358463484,0.9224137931034483,1.1184778952271415,-19.606410212369312,11.725939976043383
1628998,Cody Martin,215,191,233.80775148379138,0.8883720930232558,1.0874779138780994,-19.910582085484364,7.686070023013659
1631207,Dalen Terry,157,155,186.824095451325,0.9872611464968153,1.1899623914097135,-20.270124491289813,8.827829090966624
1641712,Rayan Rupert,161,136,168.70038014320906,0.84472049689441,1.0478284480944662,-20.310795120005626,9.464080425188746
1641732,Colby Jones,71,58,72.50354749191986,0.8169014084507042,1.021176725238308,-20.427531678760367,12.797225934054273
1631098,Johnny Davis,154,138,169.4700931265073,0.8961038961038961,1.1004551501721254,-20.43512540682292,8.502347943110802
1629629,Cam Reddish,234,219,267.1035745637293,0.9358974358974359,1.1414682673663645,-20.557083146892865,7.675853204856869
1630639,A.J. Lawson,121,121,145.88117923766612,1.0,1.2056295804765795,-20.562958047657947,9.956440275114483
1630692,Jordan Goodwin,382,324,403.25555738937527,0.8481675392670157,1.0556428203910346,-20.747528112401902,5.766236342876913
1641763,Julian Phillips,77,76,92.01464855508512,0.987012987012987,1.1949954357803263,-20.798244876733918,14.031280772106092
1630214,Xavier Tillman,279,262,320.3075069249082,0.9390681003584229,1.148055580376015,-20.898748001759206,6.3615014486254315
1630534,Ochai Agbaji,433,418,508.9763525395128,0.9653579676674365,1.1754650174122698,-21.010704974483325,5.533518551726638
1631217,Moussa Diabate,19,20,24.03705068762763,1.0526315789473684,1.26510793092777,-21.24763519804016,20.876901270766744
1629006,Josh Okogie,206,201,244.80630017798143,0.9757281553398058,1.1883800979513661,-21.265194261156033,8.214176003174114
203488,Mike Muscala,156,140,173.19843918114543,0.8974358974358975,1.1102464050073426,-21.281050757144506,9.804216586407879
1631200,Kris Murray,366,339,417.1482752591805,0.9262295081967213,1.139749385954045,-21.351987775732372,5.973352008929591
1631102,TyTy Washington Jr.,20,14,18.348989768771524,0.7,0.9174494884385762,-21.74494884385762,24.039928414114982
1630222,Mason Jones,8,6,7.76162398059742,0.75,0.9702029975746775,-22.020299757467754,45.885104730538764
1641931,Onuralp Bitim,84,76,94.77919499429849,0.9047619047619048,1.1283237499321248,-22.356184517022015,12.881913131741252
1630531,Jaden Springer,148,128,162.49143293249304,0.8648648648648649,1.0979150873817098,-23.305022251684488,8.616962209973272
1630587,Isaiah Livers,116,102,129.09426215031934,0.8793103448275862,1.1128815702613737,-23.35712254337874,11.237609383166895
1630235,Trent Forrest,90,70,91.34324629212827,0.7777777777777778,1.0149249588014253,-23.714718102364746,10.382943395512957
1629011,Mitchell Robinson,127,146,177.0440510413678,1.1496062992125984,1.394047645995022,-24.444134678242357,8.205222380978402
201959,Taj Gibson,37,32,41.28760151457499,0.8648648648648649,1.1158811220155402,-25.101625715067534,18.032259459770053
1630314,Brandon Williams,54,43,56.58205924400978,0.7962962962962963,1.047815911926107,-25.151961562981068,14.626776878897967
202738,Isaiah Thomas,10,8,10.545863200523879,0.8,1.054586320052388,-25.45863200523879,39.27415132847184
1631386,Taze Moore,19,17,21.873854396466225,0.8947368421052632,1.151255494550854,-25.65186524455908,22.321904740785218
1629677,Luka Samanic,158,133,173.8005706511423,0.8417721518987342,1.1000036117160905,-25.823145981735628,8.471983780683495
1641793,D'Moi Hodge,15,13,16.89796809237996,0.8666666666666667,1.1265312061586639,-25.986453949199724,33.0841959330329
1641877,Nathan Mensah,28,24,31.33042761874623,0.8571428571428571,1.1189438435266512,-26.180098638379395,17.80290824927622
1630600,Isaiah Mobley,24,23,29.32180981160767,0.9583333333333334,1.221742075483653,-26.340874215031967,22.592218134368235
1630618,D.J. Carton,8,7,9.1325028912658,0.875,1.141562861408225,-26.656286140822495,44.38964036358053
1630610,DeJon Jarreau,50,38,51.5113434196369,0.76,1.030226868392738,-27.022686839273803,14.881120977381466
1631123,Jamaree Bouyea,28,21,28.5967141703563,0.75,1.0213112203698678,-27.13112203698679,18.788399756175465
1641734,Emoni Bates,49,40,53.39908728393421,0.8163265306122449,1.0897772915088613,-27.345076089661646,18.584742817950506
1629875,Xavier Moon,46,32,44.711127325719644,0.6956521739130435,0.9719810288199923,-27.632885490694882,15.900765008317485
1630184,Kira Lewis Jr.,92,72,98.02846515175602,0.782608695652174,1.065526795127783,-28.291809947560896,10.805861173441954
202066,Garrett Temple,78,70,92.17987575724186,0.8974358974358975,1.1817932789389982,-28.435738150310076,12.962270777634583
1630192,Zeke Nnaji,149,144,186.5901936646705,0.9664429530201343,1.2522831789575202,-28.584022593738585,8.198787708322289
1630285,Zavier Simpson,54,39,54.593260730801795,0.7222222222222222,1.010986309829663,-28.876408760744066,14.547660935342169
1631100,AJ Griffin,62,46,64.66605025464213,0.7419354838709677,1.043000810558744,-30.106532668777632,15.067038732358915
1630535,Greg Brown III,11,11,14.321079476441104,1.0,1.3019163160401004,-30.191631604010038,33.9940382578806
1628977,Hamidou Diallo,2,2,2.6096132162965073,1.0,1.3048066081482537,-30.480660814825367,100.0
1641765,Olivier-Maxence Prosper,104,93,125.17866224304586,0.8942307692307693,1.2036409831062103,-30.941021387544097,10.892627837924158
1631321,Sidy Cissoko,33,33,43.454726853679965,1.0,1.3168099046569686,-31.680990465696862,16.08969013000585
1629667,Jalen McDaniels,189,142,203.24589927308853,0.7513227513227513,1.0753751284290398,-32.405237710628846,7.630916869083844
203648,Thanasis Antetokounmpo,30,32,41.76315371979317,1.0666666666666667,1.3921051239931057,-32.54384573264391,16.280481685635582
1631209,Isaiah Wong,3,2,3.0245326105220878,0.6666666666666666,1.008177536840696,-34.15108701740293,74.47104323502334
1629623,Lindell Wigginton,5,4,5.71296447246161,0.8,1.142592894492322,-34.25928944923219,42.484725491259674
1641788,Alex Fudge,15,13,18.167818605090183,0.8666666666666667,1.211187907006012,-34.45212403393455,27.81415136973585
1630554,Jason Preston,19,12,18.702702363079656,0.631578947368421,0.9843527559515608,-35.277380858313975,21.817609511025342
1630243,Trevelin Queen,38,31,44.57085957559334,0.8157894736842105,1.1729173572524563,-35.712788356824575,16.46130700731296
1629216,Gabe Vincent,49,33,50.5554362404093,0.673469387755102,1.0317435967430468,-35.827420898794486,15.732013212385349
1631220,Dereon Seabron,13,9,13.806327410750102,0.6923076923076923,1.0620251854423155,-36.97174931346232,30.64021800632902
203469,Cody Zeller,62,53,76.33873306552897,0.8548387096774194,1.231269888153693,-37.64311784762737,12.033861070588241
1629010,Jerome Robinson,33,24,36.81632494135051,0.7272727272727273,1.1156462103439548,-38.83734830712275,17.259833190877444
1631167,Izaiah Brockington,5,4,5.942065697725757,0.8,1.1884131395451514,-38.84131395451513,32.15125680687907
1631243,Mouhamed Gueye,23,19,28.22479722223812,0.8260869565217391,1.2271650966190486,-40.10781400973096,23.56835390270756
1641775,Jordan Walsh,15,14,20.085414779262734,0.9333333333333333,1.339027651950849,-40.56943186175157,29.478386078178737
1631303,Justin Minaya,74,56,86.10270383916983,0.7567567567567568,1.1635500518806734,-40.67932951239167,13.634430454056625
1641754,Seth Lundy,17,11,18.056205729642382,0.6470588235294118,1.062129748802493,-41.50709252730813,29.11185153191752
1630177,Theo Maledon,70,45,74.10656886273749,0.6428571428571429,1.0586652694676784,-41.58081266105356,12.32645548671623
1630181,R.J. Hampton,14,9,14.907410836563486,0.6428571428571429,1.0648150597545347,-42.19579168973918,29.202485613925177
1630240,Saben Lee,55,42,65.85417592794089,0.7636363636363637,1.1973486532352888,-43.37122895989252,13.59684803629869
1641749,Keyontae Johnson,16,11,17.96937836149979,0.6875,1.1230861475937368,-43.55861475937368,27.240856632890807
1629117,Wenyen Gabriel,22,17,27.143285709690158,0.7727272727272727,1.2337857140768254,-46.10584413495526,22.793799409094902
1641735,Amari Bailey,24,17,28.07044096607806,0.7083333333333334,1.1696017069199192,-46.126837358658584,20.673432057904563
201949,James Johnson,10,6,10.714830713688055,0.6,1.0714830713688055,-47.148307136880554,24.24450943512615
1631250,Pete Nance,6,3,5.855907520396759,0.5,0.9759845867327931,-47.59845867327932,47.94873179810055
1631214,Alondes Williams,8,4,7.840475856191466,0.5,0.9800594820239332,-48.00594820239332,30.189184236383664
1641851,Timmy Allen,23,12,23.54410917206956,0.5217391304347826,1.0236569205247634,-50.1917790089981,20.25499567339453
1641720,Jalen Hood-Schifino,45,22,44.651611880086314,0.4888888888888889,0.9922580417796959,-50.3369152890807,13.808719278562624
1630563,Joshua Primo,3,2,3.5821225382497293,0.6666666666666666,1.194040846083243,-52.73741794165764,41.23112605056299
1629718,Charlie Brown Jr.,10,6,11.321758667827558,0.6,1.1321758667827557,-53.21758667827557,39.22486095570853
1627885,Shaquille Harrison,2,2,3.1052237718042295,1.0,1.5526118859021147,-55.261188590211475,102.94332854115737
1631338,Mouhamadou Gueye,38,22,44.263051115036184,0.5789473684210527,1.1648171346062153,-58.586976618516275,13.335500990053106
1641727,Dariq Whitehead,5,2,5.102213168990559,0.4,1.0204426337981118,-62.044263379811184,42.682802256630104
1642013,Malik Williams,34,19,40.17521089563893,0.5588235294117647,1.1816238498717333,-62.28003204599686,16.003235241094256
1629308,Juan Toscano-Anderson,12,7,14.571362129523127,0.5833333333333334,1.2142801774602605,-63.09468441269273,28.441105821784017
1641745,Adam Flagler,7,3,7.462102598288173,0.42857142857142855,1.0660146568983104,-63.744322832688184,43.16198801738104
1641721,Maxwell Lewis,21,9,23.041768495432823,0.42857142857142855,1.0972270712110868,-66.86556426396582,21.131821574217046
1628373,Frank Ntilikina,9,3,9.861124484798315,0.3333333333333333,1.0956804983109238,-76.23471649775905,33.32516227333481
1631298,Jack White,16,6,18.666879526578633,0.375,1.1666799704111646,-79.16799704111645,26.742523896940245
1630586,Usman Garuba,6,2,6.759530351083888,0.3333333333333333,1.1265883918473147,-79.32550585139813,31.662645910526432
1630604,E.J. Liddell,6,2,7.213504884619999,0.3333333333333333,1.2022508141033332,-86.89174807699999,22.62201792950104
1630622,Jalen Crutcher,1,0,0.8887414173178549,0.0,0.8887414173178549,-88.8741417317855,
1631376,Dmytro Skapintsev,1,0,0.8924635345687834,0.0,0.8924635345687834,-89.24635345687834,
1641806,Markquis Nowell,1,0,0.9838744182534431,0.0,0.9838744182534431,-98.38744182534431,
201980,Danny Green,2,0,1.973627206719459,0.0,0.9868136033597295,-98.68136033597294,18.763005369411605
1641847,Andrew Funk,4,0,4.312669573788644,0.0,1.078167393447161,-107.8167393447161,6.7680930759690225
1631245,Quenton Jackson,1,0,1.0996585430849273,0.0,1.0996585430849273,-109.96585430849272,
1627853,Ryan Arcidiacono,6,0,6.788968515237085,0.0,1.131494752539514,-113.14947525395141,1.3722789067930297
1629232,Kaiser Gates,4,0,5.187079113125095,0.0,1.2967697782812737,-129.67697782812738,11.796297063557601
