PLAYER_ID,PLAYER_NAME,fga,pps,xpps,making_100,making_100_se,pair,weight,making_eb,proj_pps,actual_pps_next
203999,Nikola Jokic,1411,1.223954642097803,1.0321090861477726,19.184555595003022,2.790395792579231,2023-24 to 2024-25,0.8532508257115167,16.406533850861805,1.1961744246563906,1.2536656891495601
1630202,Payton Pritchard,635,1.1669291338582677,1.0457326853691145,12.119644848915318,5.072894721812225,2023-24 to 2024-25,0.6375791697089629,7.819341479379923,1.1239261001629137,1.2390300230946882
201142,Kevin Durant,1436,1.1629526462395543,1.0217506316190552,14.12020146204992,2.970260625784178,2023-24 to 2024-25,0.8369075256138768,11.858752425571529,1.1403381558747705,1.195729537366548
1630169,Tyrese Haliburton,1048,1.140267175572519,1.018910545860172,12.135662971234707,3.822568125993013,2023-24 to 2024-25,0.755995850339261,9.236523913185813,1.11127578499203,1.1630218687872764
1628379,Luke Kennard,315,1.234920634920635,1.0853036435768562,14.96169913437787,7.847182503660129,2023-24 to 2024-25,0.4236973669864881,6.485698452352976,1.150160628100386,1.2180974477958237
1630573,Sam Hauser,558,1.2455197132616487,1.1038398630870745,14.167985017457434,5.93620500707528,2023-24 to 2024-25,0.5623132320833529,8.078082483135203,1.1846206879184265,1.2531645569620253
201939,Stephen Curry,1445,1.1467128027681661,0.9913063620300562,15.540644073810995,3.4112378983831264,2023-24 to 2024-25,0.7955231408812753,12.414909285226859,1.1154554548823248,1.143879173290938
203897,Zach LaVine,376,1.0611702127659575,1.0858824574830332,-2.4712244717075778,6.167610977583981,2023-24 to 2024-25,0.5434085669550993,-1.2268429379123265,1.07361402810391,1.2174979558462797
1630174,Aaron Nesmith,635,1.2125984251968505,1.132380736767894,8.021768842895654,4.960702513592947,2023-24 to 2024-25,0.6478497530124523,5.2863990990718435,1.1852447277586124,1.2348284960422165
1630198,Isaiah Joe,485,1.2185567010309277,1.1015402982506046,11.701640278032329,6.174978857912543,2023-24 to 2024-25,0.5428160573982663,6.468030436570974,1.1662206026163144,1.2074829931972788
203114,Khris Middleton,643,1.1321928460342146,0.9885520264693213,14.364081956489336,4.695808670913168,2023-24 to 2024-25,0.6724649546205553,9.742583962427036,1.0859778660935917,1.0919881305637982
1628960,Grayson Allen,682,1.2976539589442815,1.1206057549867927,17.70482039574887,5.1111254888588356,2023-24 to 2024-25,0.6341022631489693,11.319658708443287,1.2338023420712256,1.2004089979550103
1628983,Shai Gilgeous-Alexander,1487,1.1344989912575656,1.0337573921322207,10.07415991253449,2.7584137001283775,2023-24 to 2024-25,0.8561142285643483,8.661199863545113,1.120369390767672,1.1370772946859904
202696,Nikola Vucevic,1211,1.0437654830718415,1.0614879887020103,-1.7722505630168897,3.1457757572260028,2023-24 to 2024-25,0.8206230734363007,-1.408761490900219,1.0474003737930082,1.1840077071290944
203084,Harrison Barnes,732,1.151639344262295,1.0937206424527899,5.791870180950519,4.632148225134679,2023-24 to 2024-25,0.6784492157907537,4.011211138082768,1.1338327538336175,1.2445095168374818
1626181,Norman Powell,768,1.1888020833333333,1.051486156886729,13.731592644660426,4.498887213569285,2023-24 to 2024-25,0.6910505824504983,9.567743843993075,1.14716359532666,1.1566137566137566
1629636,Darius Garland,841,1.0487514863258025,1.0262605478576285,2.24909384681741,4.126643034476879,2023-24 to 2024-25,0.726664938258914,1.703805087677822,1.0432985987344068,1.1243611584327087
1629639,Tyler Herro,735,1.0612244897959184,1.0091043656895553,5.2120124106363,4.535755613757548,2023-24 to 2024-25,0.6875547569854097,3.662951130933474,1.04573387699889,1.1269956458635704
203078,Bradley Beal,735,1.163265306122449,1.0694244624500426,9.384084367240643,4.241314846886903,2023-24 to 2024-25,0.7156425962376801,6.787919247853347,1.137303654928576,1.1412103746397695
1630217,Desmond Bane,776,1.1043814432989691,1.0576870242651504,4.669441903381871,4.3138641899228025,2023-24 to 2024-25,0.7086894388128526,3.383220038225219,1.0915192246474026,1.1296660117878192
1626145,Tyus Jones,666,1.1381381381381381,1.013714782133441,12.442335600469717,4.651584563903112,2023-24 to 2024-25,0.6766195729291874,8.500914155404537,1.0987239236874862,1.1390922401171304
1628401,Derrick White,839,1.1561382598331347,1.0632736247214671,9.286463511166763,4.431621541110575,2023-24 to 2024-25,0.6974458297083856,6.553698660871987,1.128810611330187,1.1605839416058394
1628973,Jalen Brunson,1648,1.0867718446601942,0.9943999516777036,9.237189298249058,2.869173523099933,2023-24 to 2024-25,0.846140761628045,7.8550653422689924,1.0729506051003934,1.1016666666666666
1628991,Jaren Jackson Jr.,1161,0.9896640826873385,1.0424118933598692,-5.274781067253063,3.316518624437522,2023-24 to 2024-25,0.8045320483171846,-4.194052708236004,1.000471366277509,1.0964550700741962
1627736,Malik Beasley,722,1.1966759002770082,1.0956821258575693,10.099377441943894,5.0832951378041615,2023-24 to 2024-25,0.6366321227331704,6.52193716829275,1.1609014975404968,1.1587301587301588
1629029,Luka Doncic,1652,1.145278450363196,0.9953859371717914,14.98925131914047,2.965140865513064,2023-24 to 2024-25,0.8373779242351854,12.592998163584785,1.1213159188076391,1.0721951219512196
201942,DeMar DeRozan,1355,1.014760147601476,0.9829972060483128,3.176294155316328,2.878733775234288,2023-24 to 2024-25,0.8452726294437187,2.7241581003967665,1.0102387870522804,1.018348623853211
202695,Kawhi Leonard,1162,1.1703958691910499,1.0503337665215757,12.006210266947411,3.3094579040366106,2023-24 to 2024-25,0.8052014921719902,9.716925992962304,1.1475030264511987,1.1203852327447834
2544,LeBron James,1269,1.1970055161544524,1.1047462087431117,9.22593074113407,3.0803212982737493,2023-24 to 2024-25,0.826730101709619,7.671390786507124,1.1814601166081828,1.1425196850393702
1627750,Jamal Murray,986,1.1085192697768762,1.0107852483655708,9.773402141130536,3.766772958334104,2023-24 to 2024-25,0.7613796472099387,7.5019142610886265,1.085804390976457,1.0865298840321143
1627734,Domantas Sabonis,1068,1.2181647940074907,1.1535884734054624,6.457632060202821,3.00836112022401,2023-24 to 2024-25,0.8333981566576846,5.424120111796047,1.207829674523423,1.2530795072788354
1630559,Austin Reaves,940,1.1361702127659574,1.0436899804964987,9.24802322694588,3.8894001021839966,2023-24 to 2024-25,0.7495447492856498,6.995459848610836,1.113644578982607,1.1128254580520733
1627752,Taurean Prince,572,1.131118881118881,1.0827003852796864,4.84184958391947,5.4145345967688545,2023-24 to 2024-25,0.6069529039498457,3.038666636426027,1.1130870516439466,1.2003891050583657
1627783,Pascal Siakam,1271,1.138473642800944,1.0609727555496862,7.750088725125805,2.9696913089196424,2023-24 to 2024-25,0.83695984786353,6.527949341534549,1.1262522489650317,1.143824027072758
202681,Kyrie Irving,1131,1.1467727674624226,1.0207139704633141,12.605879699910853,3.541907727328702,2023-24 to 2024-25,0.7830219684878991,9.925825180253115,1.1199722222658453,1.0984126984126985
1629012,Collin Sexton,1038,1.0982658959537572,1.0426101026301817,5.565579332357558,3.5270745597174984,2023-24 to 2024-25,0.7844446063338137,4.420671571522614,1.0868168183454079,1.0865051903114187
101108,Chris Paul,467,1.0492505353319057,0.9642724962630423,8.497803906886341,5.628732896564784,2023-24 to 2024-25,0.5882963224105835,5.1038602831422635,1.015311099094465,1.0943396226415094
201572,Brook Lopez,755,1.1655629139072847,1.1269289067877568,3.8634007119527864,4.445794547135041,2023-24 to 2024-25,0.6960965690578815,2.766536304094099,1.1545942698286977,1.197674418604651
1627826,Ivica Zubac,519,1.298651252408478,1.220510695996479,7.814055641199874,4.108595709669172,2023-24 to 2024-25,0.7284025872262664,5.760804172829898,1.278118737724778,1.256900212314225
1628386,Jarrett Allen,819,1.2673992673992673,1.2540115284224957,1.338773897677161,3.199208834631304,2023-24 to 2024-25,0.8156107996777843,1.138780519574464,1.2653993336182403,1.4125
1627751,Jakob Poeltl,378,1.312169312169312,1.2177369805273282,9.443233164198404,4.605463632629572,2023-24 to 2024-25,0.6809647463144841,6.511590915889683,1.282852889686225,1.2556131260794474
1629008,Michael Porter Jr.,1079,1.1714550509731232,1.0963110569556938,7.514399401742951,3.7969868674930267,2023-24 to 2024-25,0.7584645801559864,5.760791431458418,1.153918971270278,1.191793893129771
1627777,Georges Niang,632,1.134493670886076,1.0917137722664634,4.277989861961265,5.155328264926499,2023-24 to 2024-25,0.6300972474915396,2.7895595287360138,1.1196093675538235,1.1903225806451614
203081,Damian Lillard,1277,1.0195771339075959,1.0176522909109682,0.19248429966277358,3.3938594860321443,2023-24 to 2024-25,0.7971797530677467,0.20499086279581546,1.0197021995389264,1.09375
1629130,Duncan Robinson,675,1.1777777777777778,1.0857774222469434,9.200035553083445,5.110350529021165,2023-24 to 2024-25,0.6341726233278958,5.927384826392048,1.145051270510864,1.1613876319758674
1629018,Gary Trent Jr.,847,1.062573789846517,1.05553835811266,0.7035431733856994,4.323429408129123,2023-24 to 2024-25,0.7077740818020556,0.5722181354748669,1.0612605394674088,1.1354642313546424
1629661,Cameron Johnson,619,1.1147011308562198,1.100157500152435,1.4543630703784727,5.06377512774807,2023-24 to 2024-25,0.6384103058169457,1.020377520733995,1.1103612753597751,1.1633199464524766
1626220,Royce O'Neale,539,1.0834879406307978,1.0791584738664413,0.43294667643566065,5.860790493446713,2023-24 to 2024-25,0.568596362302084,0.3558120987693618,1.0827165948541349,1.1596491228070176
1630167,Obi Toppin,579,1.322970639032815,1.2350276779908056,8.794296104200964,4.804479770475812,2023-24 to 2024-25,0.662308360942107,5.9103593535773395,1.294131271526579,1.2420701168614356
1629673,Jordan Poole,1186,0.9814502529510961,1.0119778852658017,-3.0527632314705477,3.4519716284601056,2023-24 to 2024-25,0.7916342463763776,-2.363716266646028,0.9883407225993414,1.087038789025544
1629627,Zion Williamson,1094,1.146252285191956,1.1059657762794068,4.028650891254929,2.806876834624043,2023-24 to 2024-25,0.8517699197672737,3.4691559636036193,1.140657335915443,1.139763779527559
1629655,Daniel Gafford,480,1.45,1.326284504235401,12.37154957645989,3.6912127405879467,2023-24 to 2024-25,0.7686644896111973,9.568364202606135,1.4219681462614624,1.4044665012406947
1629631,De'Andre Hunter,663,1.0935143288084463,1.0756381001606365,1.7876228647809873,4.7403859731969895,2023-24 to 2024-25,0.6682894184885129,1.278952888603496,1.0884276290466715,1.1456692913385826
204001,Kristaps Porzingis,752,1.178191489361702,1.1233851157264358,5.480637363526627,4.22515397348458,2023-24 to 2024-25,0.7171937940345519,4.002553619266217,1.163410651919098,1.1445993031358885
1628978,Donte DiVincenzo,1004,1.1683266932270917,1.1357572481641085,3.256944506298319,4.243431327733309,2023-24 to 2024-25,0.7154395057278543,2.40246713069993,1.1597819194711079,1.136593591905565
1631128,Christian Braun,483,1.049689440993789,1.1469363406370772,-9.724689964328824,5.144574226761105,2023-24 to 2024-25,0.6310701228893003,-6.04319865286647,1.0865043541084125,1.2679658952496955
1626157,Karl-Anthony Towns,951,1.1503680336487907,1.0643684805088338,8.599955313995698,3.776530400610901,2023-24 to 2024-25,0.7604383426415336,6.600619782884485,1.1303746783376787,1.168724279835391
1628969,Mikal Bridges,1294,1.0417310664605872,1.0658125246482937,-2.408145818770636,3.3543226804308968,2023-24 to 2024-25,0.8009425722161146,-1.8781965414427007,1.0470305592338667,1.139475908706678
1627742,Brandon Ingram,1017,1.0678466076696165,0.993401935821046,7.444467184857055,3.429178658374747,2023-24 to 2024-25,0.793811310153653,5.961904607366527,1.0530209818947112,1.06006006006006
1641764,Brandin Podziemski,597,1.0586264656616415,1.039294934411056,1.9331531250585503,4.8477763621663605,2023-24 to 2024-25,0.6582837560002521,1.3594096588855895,1.052889030999912,1.0731319554848966
1628381,John Collins,746,1.1796246648793565,1.1514633835497474,2.816128132960925,4.010341212009519,2023-24 to 2024-25,0.7378730691300227,2.144564035459083,1.1729090239043383,1.1657250470809792
1631105,Jalen Duren,564,1.2375886524822695,1.235316467163435,0.22721853188346466,3.7354125750043448,2023-24 to 2024-25,0.7644041975809311,0.23356290419561732,1.2376520962053912,1.3846153846153846
1630162,Anthony Edwards,1558,1.0436456996148908,1.0570848243333817,-1.3439124718490787,2.87865737149457,2023-24 to 2024-25,0.8452795717674885,-1.0966599352265909,1.0461182249811158,1.0930521091811414
204456,T.J. McConnell,593,1.1433389544688026,0.9897570848620904,15.358186960671235,4.142638642845691,2023-24 to 2024-25,0.7251254257582872,11.206470568460801,1.1018217905466983,1.0625
1627827,Dorian Finney-Smith,511,1.0704500978473581,1.1664721331414747,-9.602203529411653,5.640887738169332,2023-24 to 2024-25,0.5872510106439012,-5.534004567437684,1.1111320874670978,1.193103448275862
202685,Jonas Valanciunas,719,1.1696801112656467,1.107856477313019,6.182363395262773,3.879492690333515,2023-24 to 2024-25,0.750501140549434,4.703280312485832,1.1548892804378774,1.1132376395534291
1629622,Max Strus,728,1.065934065934066,1.1517021489748316,-8.576808304076573,4.786469203771515,2023-24 to 2024-25,0.663986297922908,-5.609486122288366,1.0956072877519478,1.1876675603217157
1626164,Devin Booker,1305,1.100383141762452,1.0058816923081417,9.450144945431038,3.1581781975761727,2023-24 to 2024-25,0.8194617320244306,7.789915510004081,1.0837808474081825,1.05
1629599,Amir Coffey,352,1.1420454545454546,1.0857585572658062,5.62868972796483,6.557954607999575,2023-24 to 2024-25,0.5128317077881656,3.0103832116551583,1.1158623893823578,1.1392156862745098
1628378,Donovan Mitchell,1089,1.0909090909090908,1.0533108326420317,3.7598258267059155,3.6300200467045367,2023-24 to 2024-25,0.7745561929320112,2.9694923779563624,1.0830057564215954,1.062878787878788
1630595,Cade Cunningham,1167,1.0,1.0042581028538464,-0.4258102853846381,3.295658216985426,2023-24 to 2024-25,0.8065089593465601,-0.2942445290863425,1.001315657562983,1.0411805078929306
1630583,Santi Aldama,568,1.056338028169014,1.1294714647235227,-7.313343655450856,5.131045071688417,2023-24 to 2024-25,0.6322954263855396,-4.530742514871135,1.0841640395748113,1.1512345679012346
203932,Aaron Gordon,716,1.1675977653631284,1.274334169717944,-10.67364043548156,3.625746389644287,2023-24 to 2024-25,0.7749673299872801,-8.214531119484297,1.192188858523101,1.2132796780684105
1630230,Naji Marshall,367,1.0844686648501363,1.0531266878182741,3.1341977031862167,6.190447488978785,2023-24 to 2024-25,0.5415740081736996,1.8139078720932422,1.0712657665392065,1.101123595505618
1626167,Myles Turner,909,1.174917491749175,1.1120536965512693,6.286379519790554,3.7773247144876163,2023-24 to 2024-25,0.7603617102501746,4.840825776005302,1.1604619543113224,1.1541307028360048
1630557,Corey Kispert,794,1.2040302267002518,1.10321386010854,10.0816366591712,4.498932578627824,2023-24 to 2024-25,0.6910462767574336,7.04539732015052,1.1736678333100452,1.1150442477876106
203468,CJ McCollum,1055,1.1440758293838862,1.0332479261932044,11.082790319068197,3.929461150950668,2023-24 to 2024-25,0.7456776807970047,8.328824785588644,1.116536174049091,1.059
1629652,Luguentz Dort,657,1.1141552511415524,1.1454118437206646,-3.1256592579112104,5.018916767078292,2023-24 to 2024-25,0.6425082479672726,-1.9174061874469526,1.126237781846195,1.1568296795952782
1630558,Davion Mitchell,323,1.0804953560371517,1.0495974531611856,3.0897902875966055,6.765385646361939,2023-24 to 2024-25,0.4972642985674179,1.6642114654222844,1.0662395678154084,1.1134453781512605
1629675,Naz Reid,851,1.1527614571092832,1.0990689559971234,5.36925011121598,4.203578532369173,2023-24 to 2024-25,0.7192659158874629,3.9332664888950886,1.1384016208860743,1.1126760563380282
1629632,Coby White,1209,1.0678246484698097,1.080721253932936,-1.289660546312638,3.470995605556789,2023-24 to 2024-25,0.7898153370102771,-0.9651757541240151,1.0710694963916958,1.0990187332738626
1641705,Victor Wembanyama,1186,1.0370994940978078,1.1434731268830751,-10.637363278526736,3.2007092467894043,2023-24 to 2024-25,0.8154697269276192,-8.627549804368806,1.0571976288393872,1.117852975495916
1631222,Jake LaRavia,303,0.9537953795379538,1.0834424268320795,-12.964704729412569,6.964479256518145,2023-24 to 2024-25,0.48276931082606345,-6.127508635785954,1.02216734047422,1.1275964391691395
1630598,Aaron Wiggins,377,1.2891246684350133,1.1894552028193321,9.966946561568115,6.036903883967642,2023-24 to 2024-25,0.5540166349959581,5.635199791213486,1.2458072007314671,1.1538461538461537
1629014,Anfernee Simons,837,1.0465949820788532,1.0172138466950098,2.938113538384318,4.245946152723822,2023-24 to 2024-25,0.7151982096399105,2.173715230120523,1.0389509989962151,1.0426666666666666
1629656,Quentin Grimes,328,0.9908536585365854,1.1498588158077316,-15.900515727114628,7.259169064673497,2023-24 to 2024-25,0.46211397724018816,-7.211148128144809,1.0777473345262836,1.1300121506682868
201144,Mike Conley,644,1.1909937888198758,1.0502617273544057,14.073206146547,5.228789995719307,2023-24 to 2024-25,0.6234777253559124,8.870022784208318,1.138961955196489,1.0705128205128205
1631117,Walker Kessler,350,1.32,1.362133331402169,-4.213333140216913,4.609442542878597,2023-24 to 2024-25,0.6805893999595799,-2.7863724405169163,1.334269606997,1.3412887828162292
202691,Klay Thompson,1133,1.1015004413062666,1.0276476465240854,7.385279478218128,3.8383965769625688,2023-24 to 2024-25,0.7544681101330395,5.634359188038838,1.0839912384044736,1.0695553021664765
1628369,Jayson Tatum,1426,1.1030855539971949,1.062340835339667,4.074471865752797,3.1274711424143806,2023-24 to 2024-25,0.8223347143350952,3.3957328614081494,1.0962981639537486,1.0744027303754267
1629060,Rui Hachimura,676,1.2189349112426036,1.159608850541361,5.932606070124245,4.334775653443468,2023-24 to 2024-25,0.7066887308544645,4.267050205603504,1.202279352597396,1.1944444444444444
202331,Paul George,1236,1.1383495145631068,1.0420704251034991,9.627908945960778,3.5263765490895693,2023-24 to 2024-25,0.784511531990462,7.607971471198007,1.1181501398154792,1.0280701754385966
1631114,Jalen Williams,993,1.1832829808660625,1.071653097084107,11.162988378195546,3.4999277370086936,2023-24 to 2024-25,0.7870460766448931,8.839907932421312,1.16005217640832,1.0736301369863013
203507,Giannis Antetokounmpo,1369,1.2476260043827612,1.2019264075948315,4.569959678792956,2.4460164733297605,2023-24 to 2024-25,0.8832706927795038,4.066177923206081,1.2425881868268922,1.2130401819560273
1630560,Cam Thomas,1190,1.0050420168067227,0.9944949823949557,1.054703441176697,3.337106314801018,2023-24 to 2024-25,0.8025783205474165,0.8966563599190214,1.0034615459941458,1.026431718061674
203992,Bogdan Bogdanovic,1100,1.0745454545454545,1.0602528882784752,1.4292566266979272,3.843785241869993,2023-24 to 2024-25,0.7539479759944875,1.140118669015047,1.0716540749686256,1.0670731707317074
1630193,Immanuel Quickley,894,1.0592841163310962,1.025649108141659,3.3635008189437245,4.134855210064389,2023-24 to 2024-25,0.7258744778798312,2.5111477407387466,1.0507605855490465,1.0342465753424657
1629638,Nickeil Alexander-Walker,538,1.120817843866171,1.0999354497994644,2.0882394066706653,5.573945270900829,2023-24 to 2024-25,0.5930261098120407,1.3418119237944777,1.1133535690374092,1.1055194805194806
1627741,Buddy Hield,850,1.1305882352941177,1.099963200173082,3.0625035121035635,4.506309390426049,2023-24 to 2024-25,0.6903462646796045,2.1928856097382186,1.1218920562704642,1.0928753180661577
1629611,Terance Mann,493,1.1744421906693712,1.1672551969980145,0.7186993671356713,5.145820446979401,2023-24 to 2024-25,0.6309573325850054,0.547259938984978,1.1727277963878642,1.1380145278450364
1628368,De'Aaron Fox,1549,1.067785668173015,1.012533890480306,5.525177769270872,2.9752643316141874,2023-24 to 2024-25,0.8364475175151065,4.663087697682391,1.05916476745713,1.0283748925193466
1629027,Trae Young,1008,1.0327380952380953,0.9660767944092824,6.666130082881285,3.850366427422449,2023-24 to 2024-25,0.7533127198255356,5.084375560407928,1.0169205500133618,0.9811046511627907
1631093,Jaden Ivey,973,0.9845837615621789,1.0493315547761448,-6.4747793213966,3.693502952582739,2023-24 to 2024-25,0.7684438285297298,-4.916654768420792,1.0001650070919368,1.0726392251815982
1628415,Dillon Brooks,768,1.0299479166666667,1.0622810344733769,-3.233311780671011,4.3596688085093795,2023-24 to 2024-25,0.7043092584216819,-2.202102334065821,1.0402600111327187,1.0659217877094973
1630241,Sam Merrill,393,1.16793893129771,1.1026996974853596,6.523923381235039,7.221640139123709,2023-24 to 2024-25,0.4646917245205241,3.167660513097379,1.1343763026163334,1.134433962264151
201935,James Harden,822,1.0827250608272505,1.0438726784770958,3.8852382350154953,4.441400300517112,2023-24 to 2024-25,0.6965148001381408,2.7832559639390766,1.0717052381164864,1.0015444015444015
201950,Jrue Holiday,689,1.1611030478955007,1.0529439880114093,10.815905988409137,4.700955339279073,2023-24 to 2024-25,0.6719822301866539,7.35146155222084,1.1264586035336177,1.075043630017452
203484,Kentavious Caldwell-Pope,587,1.132879045996593,1.1048224751862867,2.805657081030613,5.198172710964427,2023-24 to 2024-25,0.6262309859618194,1.8519818930799623,1.1233422941170863,1.0863970588235294
1629614,Andrew Nembhard,522,1.1130268199233717,1.0346722969187392,7.835452300463255,4.974427434392162,2023-24 to 2024-25,0.6465880628663933,5.156128715623438,1.0862335840749735,1.0111317254174397
1630170,Devin Vassell,1056,1.1003787878787878,1.0606636010905255,3.971518678826241,3.655367423823856,2023-24 to 2024-25,0.7721167597709775,3.1243921092519553,1.091907522183045,1.064116985376828
203903,Jordan Clarkson,816,0.9375,0.9991198628924467,-6.1619862892446715,4.024306122339711,2023-24 to 2024-25,0.7365261481051164,-4.471502782637962,0.9544048350660671,0.9858012170385395
203944,Julius Randle,836,1.0358851674641147,1.0673644103970998,-3.1479242932985025,3.7989493232530847,2023-24 to 2024-25,0.7582752103746414,-2.325559183780361,1.0441088185592962,1.0841320553780618
1630530,Trey Murphy III,621,1.1578099838969405,1.1143748814650154,4.343510243192493,5.311544078713475,2023-24 to 2024-25,0.616077121421073,2.773510360614563,1.1421099850711611,1.096543504171633
1627759,Jaylen Brown,1256,1.1138535031847134,1.0732734108443476,4.058009234036581,3.1963685839615903,2023-24 to 2024-25,0.8158778000381359,3.3576338592051873,1.1068497494363994,1.0304114490161003
1630702,Jaden Hardy,479,0.9832985386221295,1.059836676957714,-7.653813833558466,5.493991499008131,2023-24 to 2024-25,0.5999809026856853,-4.4904782445720715,1.0149318945119934,1.0531400966183575
1626171,Bobby Portis,918,1.1241830065359477,1.0440520040809749,8.013100245497276,3.709796329440001,2023-24 to 2024-25,0.76687368373822,6.2042841941362274,1.1060948460223372,1.0403361344537816
203952,Andrew Wiggins,780,1.0217948717948717,1.0514308824261962,-2.963601063132451,4.077316676377489,2023-24 to 2024-25,0.7314157565561218,-2.09936447638558,1.0304372376623403,1.0512514898688916
1629028,Deandre Ayton,749,1.1415220293724966,1.061354040122,8.016798925049667,3.5027678718325217,2023-24 to 2024-25,0.7867740435639957,6.361600168981841,1.1249700418118185,1.1452991452991452
1630163,LaMelo Ball,423,1.0307328605200945,1.022464575036954,0.8268285483140504,5.8735984335967295,2023-24 to 2024-25,0.567525098944536,0.5791584061665631,1.0282561590986197,0.9880358923230309
1628370,Malik Monk,893,1.0526315789473684,1.0599781779950779,-0.7346599047709487,4.031774873973301,2023-24 to 2024-25,0.7358058859417027,-0.4734227855491509,1.0552439501395863,1.02555910543131
203937,Kyle Anderson,433,0.9445727482678984,1.0046426133325832,-6.006986506468483,4.944420007215693,2023-24 to 2024-25,0.6493484040408987,-3.811509844134016,0.966527514891243,1.0198019801980198
1630166,Deni Avdija,803,1.1207970112079702,1.1030370313608542,1.77599798471159,3.880076932935454,2023-24 to 2024-25,0.750444741957179,1.396212215969532,1.1169991535205495,1.1007109004739337
1630596,Evan Mobley,553,1.197106690777577,1.2220081087743897,-2.4901417996812816,4.060153832433384,2023-24 to 2024-25,0.7330698333686049,-1.7576081764509357,1.2044320270098803,1.2086092715231789
1628404,Josh Hart,679,0.9867452135493373,1.1295595989227285,-14.281438537339113,4.323954578590011,2023-24 to 2024-25,0.707723834720293,-10.033033164869535,1.029229267274033,1.1584415584415584
202699,Tobias Harris,951,1.0694006309148265,1.080776906716058,-1.137627580123153,3.591481517967071,2023-24 to 2024-25,0.77826187931688,-0.8290179701861027,1.072486727014197,1.067080745341615
1628392,Isaiah Hartenstein,365,1.2904109589041095,1.2729524245542023,1.7458534349907184,4.842833162400403,2023-24 to 2024-25,0.6587425898709215,1.2367977605782585,1.2853204021599849,1.1625
1630178,Tyrese Maxey,1419,1.0486257928118394,1.0307126996891933,1.791309312264591,3.1272579094753685,2023-24 to 2024-25,0.8223546365626273,1.518239658890486,1.0458950962780982,1.0219981668194318
203076,Anthony Davis,1283,1.1340607950116914,1.1249158490708837,0.9144945940807572,2.6565760467641257,2023-24 to 2024-25,0.8651359503188871,0.8254375224901984,1.1331702242957857,1.0714285714285714
1629312,Haywood Highsmith,329,1.1610942249240122,1.13005633547445,3.1037889449562175,7.064933811371328,2023-24 to 2024-25,0.4756214262064568,1.6094980737669902,1.1461513162121197,1.143222506393862
201143,Al Horford,419,1.279236276849642,1.142366421039348,13.686985581029395,6.279231240888815,2023-24 to 2024-25,0.5344952391011479,7.433935542353775,1.2167057764628857,1.0932754880694142
1630700,Dyson Daniels,311,1.0289389067524115,1.0938842051684357,-6.494529841602402,6.655859905602757,2023-24 to 2024-25,0.5054248637129334,-3.1568017826703625,1.062316187341732,1.0725893824485373
1630175,Cole Anthony,763,0.9921363040629095,1.0203512288001457,-2.821492473723625,4.1735731895064045,2023-24 to 2024-25,0.7221498085248103,-1.9669252939857473,1.0006819758602883,0.988950276243094
203501,Tim Hardaway Jr.,976,1.0194672131147542,1.0597001141403364,-4.023290102558229,4.05679431890596,2023-24 to 2024-25,0.7333936648007531,-2.8828981161431835,1.0308711329789046,1.0588235294117647
1630541,Moses Moody,420,1.0952380952380953,1.0856719116592666,0.9566183578828626,5.923028795630562,2023-24 to 2024-25,0.5634067221609245,0.6499243413694895,1.0921711550729614,1.0880281690140845
1628989,Kevin Huerter,560,1.105357142857143,1.0890386154097882,1.631852744735462,5.367387359496348,2023-24 to 2024-25,0.611117756799391,1.096087672466139,1.0999994921344496,1.0695364238410596
1631096,Chet Holmgren,953,1.1951731374606507,1.1516195991825917,4.355353827805889,3.6623351403623703,2023-24 to 2024-25,0.7714459165681296,3.4180063944381054,1.1857996631269727,1.1085043988269794
1630581,Josh Giddey,847,1.0460448642266824,1.0795500340810316,-3.350516985434915,3.8454744475943152,2023-24 to 2024-25,0.7537849250823327,-2.4629942277178474,1.054920091803853,1.0614035087719298
1626166,Cameron Payne,481,1.0810810810810811,1.043269662404796,3.7811418676285236,5.847790472231327,2023-24 to 2024-25,0.5696854299221237,2.2634248400262202,1.065903910805058,1.0112107623318385
1630532,Franz Wagner,1096,1.0492700729927007,1.086573650109217,-3.7303577116516116,3.2539570024424718,2023-24 to 2024-25,0.8104523381575006,-2.9751040487224465,1.0568226096219924,1.0146425495262705
1630191,Isaiah Stewart,382,1.149214659685864,1.1585130565354604,-0.9298396849596521,6.222489881639364,2023-24 to 2024-25,0.539009400208206,-0.384032682384375,1.1546727297116166,1.1714285714285715
203915,Spencer Dinwiddie,640,0.978125,1.0493242784511083,-7.1199278451108405,4.8913569229262395,2023-24 to 2024-25,0.6542460499053535,-4.570312136216072,1.0036211570889475,0.9926686217008798
1641706,Brandon Miller,1083,1.048938134810711,1.05031658101132,-0.13784462006090809,3.659346551172075,2023-24 to 2024-25,0.7717336678914186,-0.048365996775249,1.0498329210435675,1.0183299389002036
1627739,Kris Dunn,313,1.0702875399361023,1.0570459077197079,1.3241632216394414,6.516360227418214,2023-24 to 2024-25,0.516010442555712,0.8062868280970215,1.065108776000678,1.0503432494279177
203471,Dennis Schroder,927,1.0183387270765911,1.0346253544284232,-1.6286627351831933,3.8941114853146477,2023-24 to 2024-25,0.7490899467619506,-1.1562466970458412,1.0230628874579648,0.966142684401451
1630534,Ochai Agbaji,433,0.9653579676674365,1.1754650174122698,-21.010704974483325,5.533518551726638,2023-24 to 2024-25,0.5965349244569993,-12.431079629416043,1.0511542211181093,1.1853932584269662
1629023,P.J. Washington,811,1.0357583230579532,1.1091371702796224,-7.337884722166931,4.193967384010092,2023-24 to 2024-25,0.7201894037854492,-5.213553635302048,1.057001633926602,1.0421052631578946
1631094,Paolo Banchero,1407,0.994314143567875,1.0335237055874953,-3.9209562019620474,2.8723511975632383,2023-24 to 2024-25,0.8458523311546285,-3.277373685729896,1.0007499687301964,1.0
1627884,Derrick Jones Jr.,495,1.1313131313131313,1.2165987649480972,-8.528563363496586,5.378408440655079,2023-24 to 2024-25,0.6101423490785498,-5.104556303674149,1.1655532019113557,1.1850594227504245
1630224,Jalen Green,1332,0.9962462462462462,1.0632897047352998,-6.704345848905367,3.221191989370171,2023-24 to 2024-25,0.8135421710586893,-5.406880270172911,1.0092209020335707,1.0090466249130132
1630570,Trendon Watford,311,1.1414790996784565,1.0664752247847868,7.5003874893669735,6.1819766998062455,2023-24 to 2024-25,0.5422538477794216,4.183449055920521,1.108309715343992,1.02
1631101,Shaedon Sharpe,434,0.9493087557603687,1.0752858937285086,-12.597713796813995,5.597403482388316,2023-24 to 2024-25,0.5909973660386091,-7.341268639590603,1.0018732073326024,1.0371376811594204
1641708,Amen Thompson,446,1.0896860986547086,1.2165860026706175,-12.689990401590897,4.503259955471051,2023-24 to 2024-25,0.69063560348321,-8.685534964368234,1.129730653026935,1.1492109038737446
1631099,Keegan Murray,975,1.0964102564102565,1.0994202508710897,-0.30099944608334156,3.94123518745349,2023-24 to 2024-25,0.7445412427338352,-0.15918227495135756,1.0978284281215762,1.075609756097561
1627832,Fred VanVleet,1018,1.0540275049115913,1.003769163753263,5.025834115832829,4.009330468289724,2023-24 to 2024-25,0.7379705648772455,3.7755117900594053,1.0415242816538572,0.9657444005270093
1641718,Keyonte George,815,0.9631901840490797,1.0158797176068415,-5.268953355776172,4.305910231629282,2023-24 to 2024-25,0.7094508597634871,-3.66422112545799,0.9792375063522616,0.970620239390642
1641717,Cason Wallace,442,1.2036199095022624,1.1556293249110687,4.79905845911937,5.940250425985441,2023-24 to 2024-25,0.5619778690476183,2.808286913857293,1.1837121940496416,1.100204498977505
1630183,Jaden McDaniels,628,1.1146496815286624,1.1156856161822573,-0.10359346535948413,4.61148613505808,2023-24 to 2024-25,0.6803966547568718,0.010741771656004623,1.1157930338988173,1.0743405275779376
1631097,Bennedict Mathurin,663,1.0135746606334841,1.0680521500721185,-5.447748943863441,4.490517309873218,2023-24 to 2024-25,0.6918451621462769,-3.690681942984141,1.031145330642277,1.0316529894490034
1631095,Jabari Smith Jr.,833,1.0732292917166866,1.086180242765804,-1.295095104911748,4.152996510542489,2023-24 to 2024-25,0.7241288362502319,-0.8677037206058706,1.0775032055597453,1.0494699646643109
1630577,Julian Champagnie,402,1.0671641791044777,1.170942264295741,-10.377808519126349,6.557149058811793,2023-24 to 2024-25,0.5128930886299684,-5.198909218524685,1.1189531721104942,1.0977443609022557
1630168,Onyeka Okongwu,365,1.284931506849315,1.3022141755235284,-1.7282668674213193,5.256539514308168,2023-24 to 2024-25,0.6209893838339707,-0.976910743613234,1.292445068087396,1.2046783625730995
1630591,Jalen Suggs,714,1.1554621848739495,1.1130036383221134,4.245854655183623,4.697752821352124,2023-24 to 2024-25,0.6722825864669824,2.937702739166368,1.142380665713777,0.9771309771309772
1630245,Ayo Dosunmu,719,1.1668984700973575,1.1414408067109985,2.5457663386358886,4.444015702476996,2023-24 to 2024-25,0.6962658633998142,1.84972349564402,1.1599380416674387,1.1224944320712695
1630540,Miles McBride,454,1.1431718061674008,1.1177563972077396,2.541540895966122,6.028634526390447,2023-24 to 2024-25,0.5546939052626069,1.5229507143531464,1.1329859043512711,1.0219378427787935
1628389,Bam Adebayo,1017,1.0570304818092429,1.0745657061403113,-1.7535224331068415,3.057775905973899,2023-24 to 2024-25,0.8288246254510578,-1.4098587654708283,1.0604671184856032,1.041329739442947
1630631,Jose Alvarado,345,1.0492753623188407,1.0685586072073983,-1.9283244888557765,6.852112631697141,2023-24 to 2024-25,0.49089640142254126,-0.8172201013214737,1.0603864061941835,0.9961612284069098
1629640,Keldon Johnson,862,1.054524361948956,1.1123687690838029,-5.7844407134846945,4.0405192136635275,2023-24 to 2024-25,0.7349627067341833,-4.183989615218568,1.0705288729316171,1.0766233766233766
1627747,Caris LeVert,820,0.973170731707317,1.1044805235301374,-13.13097918228202,4.026656315350711,2023-24 to 2024-25,0.7362994951762261,-9.6013144961329,1.0084673785688083,1.1118530884808013
203954,Joel Embiid,851,1.1210340775558167,1.0228684009968108,9.816567655900585,3.610676977043897,2023-24 to 2024-25,0.7764166552459971,7.67856979291843,1.099654098925995,0.9619047619047619
1641739,Toumani Camara,438,1.0319634703196348,1.1497498299394533,-11.778635961981852,5.506119059621968,2023-24 to 2024-25,0.5989220256051123,-6.952551509886076,1.0802243148405926,1.1047486033519553
202710,Jimmy Butler,793,1.0744010088272384,1.0571834641897715,1.7217544637466806,3.786926823907799,2023-24 to 2024-25,0.7594352837811984,1.3687000318841709,1.0708704645086131,1.0619765494137354
1630182,Josh Green,374,1.1497326203208555,1.1758648852196787,-2.6132264898823157,6.226153943219407,2023-24 to 2024-25,0.5387168441931829,-1.29055512689068,1.1629593339507718,1.0855106888361046
1628380,Zach Collins,616,1.0616883116883118,1.095259608870829,-3.3571297182517355,4.4424655885033095,2023-24 to 2024-25,0.6964134011026246,-2.2607943235220063,1.072651665635609,1.119205298013245
1630703,Scoot Henderson,797,0.8795483061480552,1.0408333970853085,-16.12850909372533,4.0211102912155825,2023-24 to 2024-25,0.7368343659108593,-11.817156860318226,0.9226618284821263,0.9912408759124087
1626156,D'Angelo Russell,1080,1.1203703703703705,1.0229963335801207,9.737403679024974,3.782191897376315,2023-24 to 2024-25,0.7598921285021433,7.460399243862661,1.0976003260187472,0.957680250783699
203497,Rudy Gobert,614,1.3224755700325732,1.3812152252019851,-5.873965516941194,3.421287887242016,2023-24 to 2024-25,0.794564411320601,-4.615032993970849,1.3350648952622766,1.3372549019607842
1630578,Alperen Sengun,982,1.1069246435845215,1.0881249341256336,1.879970945888789,3.240402179474394,2023-24 to 2024-25,0.8117315350162001,1.5738796777468915,1.1038637309031025,1.010498687664042
1630208,Nick Richards,376,1.3829787234042554,1.3134938539160756,6.9484869488179655,4.412339931085723,2023-24 to 2024-25,0.6992828791557283,4.935384489931107,1.3628476988153868,1.181556195965418
203994,Jusuf Nurkic,627,1.0558213716108453,1.185643392957089,-12.98220213462438,4.022355107028652,2023-24 to 2024-25,0.7367143097074441,-9.49726066125352,1.090670786344554,1.0454545454545454
1641715,Cam Whitmore,467,1.077087794432548,1.1267266755825927,-4.9638881150044405,5.564974240113055,2023-24 to 2024-25,0.593803375008489,-2.844339623827811,1.0982832793443145,1.0496277915632755
1628374,Lauri Markkanen,890,1.1561797752808989,1.116473574231106,3.970620104979284,4.1099418311821765,2023-24 to 2024-25,0.7282729553512519,2.9607540111084827,1.146081114342191,1.042857142857143
1631170,Jaime Jaquez Jr.,697,1.0717360114777619,1.0875845286502017,-1.584851717243989,4.1967689823012115,2023-24 to 2024-25,0.719920185626462,-1.0697851335215576,1.076886677314986,1.0021645021645023
1628970,Miles Bridges,1210,1.0537190082644627,1.0804505985311184,-2.673159026665563,3.267756377915392,2023-24 to 2024-25,0.8091487382738729,-2.1144788660177527,1.059305809870941,0.9908172635445363
1630552,Jalen Johnson,702,1.123931623931624,1.1761214385348668,-5.218981460324295,4.1054087996980355,2023-24 to 2024-25,0.7287095021287949,-3.734173556204265,1.1387797029728242,1.081180811808118
1629628,RJ Barrett,880,1.0931818181818183,1.1386869041405268,-4.5505085958708555,3.710116859754716,2023-24 to 2024-25,0.7668427903572661,-3.4302683670160157,1.1043842204703667,1.0458248472505092
1628398,Kyle Kuzma,1313,1.041127189642041,1.041442055847971,-0.03148662059297572,3.0770659733304737,2023-24 to 2024-25,0.8270328241705082,0.017918721587941416,1.0416212430638503,0.9858490566037735
1630188,Jalen Smith,395,1.339240506329114,1.1937342103924091,14.550629593670475,5.751894140748903,2023-24 to 2024-25,0.5777728074587622,8.514266132712418,1.2788768717195333,1.107843137254902
1628997,Caleb Martin,559,1.0071556350626119,1.0609356669937329,-5.378003193112113,4.982905862533644,2023-24 to 2024-25,0.6458093851352709,-3.3831482453480852,1.027104184540252,0.9703947368421053
1627936,Alex Caruso,541,1.1866913123844731,1.1499276439653414,3.6763668419131803,5.580079367656713,2023-24 to 2024-25,0.5924950931765383,2.281795703247342,1.1727456009978148,1.0828025477707006
1628384,OG Anunoby,577,1.1542461005199307,1.200334003979096,-4.608790345916537,4.926589501419723,2023-24 to 2024-25,0.650991813832734,-2.911585198559287,1.171218151993503,1.1187925998052581
1629651,Nic Claxton,582,1.2594501718213058,1.3043469209687726,-4.489674914746679,3.69663824657104,2023-24 to 2024-25,0.7681417277659608,-3.389780425742574,1.2704491167113467,1.1355633802816902
201566,Russell Westbrook,663,0.971342383107089,1.118231319546331,-14.688893643924198,4.082807344680268,2023-24 to 2024-25,0.7308866980884068,-10.667522477710703,1.011556094769224,1.0108303249097472
1630228,Jonathan Kuminga,862,1.1194895591647331,1.1352138672726877,-1.5724308107954592,3.48095872888687,2023-24 to 2024-25,0.7888621098485393,-1.186770901721325,1.1233461582554745,0.9894366197183099
1631323,Simone Fontecchio,548,1.1642335766423357,1.1068845782453385,5.734899839699724,5.525366793127526,2023-24 to 2024-25,0.5972443681560842,3.52749600312143,1.1421595382765528,1.0080428954423593
1626168,Trey Lyles,321,1.1526479750778815,1.1312400871128057,2.140788796507589,7.298666901967245,2023-24 to 2024-25,0.45941751635724803,1.1209036056456558,1.1424491231692622,1.0561497326203209
1630567,Scottie Barnes,942,1.056263269639066,1.1037403584055239,-4.747708876645796,3.588919182255263,2023-24 to 2024-25,0.7785081093034996,-3.639838231554612,1.0673419760899778,0.9633113828786454
203110,Draymond Green,372,1.131720430107527,1.1053127400409557,2.640769006657125,6.0349879368107695,2023-24 to 2024-25,0.5541734886876475,1.576749905239146,1.1210802390933472,1.005893909626719
1626162,Kelly Oubre Jr.,878,0.9965831435079726,1.1504904030579255,-15.390725954995279,3.7675291081949336,2023-24 to 2024-25,0.7613067049600611,-11.65639953881016,1.0339264076698238,1.0350877192982457
1641711,Gradey Dick,445,1.047191011235955,1.1083119880648806,-6.112097682892548,5.863420921281507,2023-24 to 2024-25,0.5683762129884071,-3.3642747905236003,1.0746692401596447,0.9953632148377125
1630172,Patrick Williams,359,1.0501392757660166,1.1357864680712564,-8.564719230523957,6.351671705937948,2023-24 to 2024-25,0.5287830272221158,-4.409119505511819,1.0916952730161382,0.9806201550387597
1641722,Jordan Hawkins,456,1.0021929824561404,1.070446375177962,-6.825339272182163,6.089899679787993,2023-24 to 2024-25,0.549693502937199,-3.637400343691313,1.034072371741049,0.9424460431654677
1626179,Terry Rozier,998,1.035070140280561,1.0224474992851804,1.2622640995380792,3.8012548823213455,2023-24 to 2024-25,0.7580527282516194,1.0183530596876023,1.0326310298820565,0.9244094488188976
1627749,Dejounte Murray,1463,1.0560492139439508,1.0390159668368473,1.7033247107103497,3.08802350529018,2023-24 to 2024-25,0.8260134600730775,1.4511873971878442,1.0535278408087256,0.8906882591093117
1631110,Jeremy Sochan,776,0.9664948453608248,1.139129656480877,-17.263481112005223,3.870554563509432,2023-24 to 2024-25,0.7513639599699757,-12.907967281606687,1.0100499836648102,1.1300639658848615
1630533,Ziaire Williams,378,0.9470899470899471,1.1318201107787702,-18.473016368882302,5.95559071591125,2023-24 to 2024-25,0.5607077284103011,-10.246317974337932,1.029356931035391,1.021153846153846
1641709,Ausar Thompson,480,1.0104166666666667,1.1685434514209723,-15.812678475430555,4.538653240731039,2023-24 to 2024-25,0.6872803031277017,-10.788265499535663,1.0606607964256156,1.0934782608695652
1630625,Dalano Banton,500,0.926,1.06313487228827,-13.713487228827011,5.023561293349426,2023-24 to 2024-25,0.6420832178805657,-8.71423632178215,0.9759925090704485,0.9230769230769231
203924,Jerami Grant,850,1.031764705882353,1.0401505579310562,-0.8385852048703222,3.967995970094166,2023-24 to 2024-25,0.7419585732644794,-0.5566148762552998,1.0345844091685032,0.9337979094076655
1631212,Peyton Watson,447,1.0313199105145414,1.1842897941037671,-15.296988358922578,5.174712338048315,2023-24 to 2024-25,0.6283461073175769,-9.51734814904434,1.0891163126133236,1.0654205607476634
1628971,Bruce Brown,582,1.0463917525773196,1.0677408987467831,-2.1349146169463653,4.55397548124726,2023-24 to 2024-25,0.6858297645207787,-1.3843423818065879,1.0538974749287173,0.9288025889967637
1631218,Trayce Jackson-Davis,332,1.4036144578313252,1.380984086460463,2.263037137086222,4.676201084338093,2023-24 to 2024-25,0.6743055171428659,1.6087528939034486,1.3970716153994975,1.1523178807947019
1641731,Bilal Coulibaly,432,1.0185185185185186,1.1711682214427774,-15.264970292425891,5.514450637958286,2023-24 to 2024-25,0.5981953978008597,-9.02931730646371,1.0808750483781404,0.9439102564102564
1628976,Wendell Carter Jr.,425,1.2,1.2017267432059613,-0.17267432059612903,5.575060198734871,2023-24 to 2024-25,0.5929295654005317,0.0010722587626825764,1.2017374657935882,0.9959266802443992
1630173,Precious Achiuwa,469,1.0575692963752665,1.2303122041306787,-17.27429077554121,4.634561759997724,2023-24 to 2024-25,0.6782218968456114,-11.634023128033817,1.1139719728503406,1.033639143730887
203991,Clint Capela,618,1.1423948220064726,1.3097808416878094,-16.738601968133686,3.6868189837828074,2023-24 to 2024-25,0.7690877977364441,-12.814768745880396,1.1816331542290055,1.117948717948718
1628379,Luke Kennard,431,1.2180974477958237,1.0460811794676925,17.201626832813126,6.273072218686513,2024-25 to 2025-26,0.5850457050020482,9.951764578362805,1.1455988252513205,1.329571106094808
203999,Nikola Jokić,1364,1.2536656891495601,1.0343339568023502,21.933173234721,2.955124364772623,2024-25 to 2025-26,0.8640064248326385,18.913705412852806,1.2234710109308782,1.2367491166077738
201142,Kevin Durant,1124,1.195729537366548,1.012537914726264,18.319162264028407,3.45442513440342,2024-25 to 2025-26,0.8229905970883278,15.02873319710474,1.1628252466973115,1.1758720930232558
1628983,Shai Gilgeous-Alexander,1656,1.1370772946859904,1.0143307947838913,12.2746499902099,2.716924178598854,2024-25 to 2025-26,0.8825759583699028,10.801624694621188,1.1223470417301031,1.1937925813777441
201939,Stephen Curry,1258,1.143879173290938,0.9875084529321149,15.63707203588231,3.674930553104642,2024-25 to 2025-26,0.8042364183223886,12.523076994109527,1.11273922287321,1.1739674593241551
1630241,Sam Merrill,424,1.134433962264151,1.1215079576853646,1.292600457878627,6.764045741622724,2024-25 to 2025-26,0.5480541309002536,0.5864597120147306,1.1273725548055118,1.2479338842975207
1629029,Luka Dončić,1025,1.0721951219512196,0.9749699468798605,9.722517507135906,3.7956471004441004,2024-25 to 2025-26,0.7938587955446251,7.662679875743317,1.0515967456372937,1.1256005490734386
1627750,Jamal Murray,1121,1.0865298840321143,0.9907013569577977,9.582852707431645,3.4987201267627293,2024-25 to 2025-26,0.8192478025587545,7.8019559558948375,1.0687209165167462,1.1463235294117646
1631260,AJ Green,424,1.224056603773585,1.0667727556718964,15.728384810168839,6.914166399914122,2024-25 to 2025-26,0.5371586668495896,8.323742821892745,1.1500101838908239,1.2233009708737863
1630198,Isaiah Joe,588,1.2074829931972788,1.0803967335674023,12.708625962987668,5.678083304020279,2024-25 to 2025-26,0.6324697059041855,7.9386447329852965,1.1597831808972552,1.2430939226519337
1627751,Jakob Poeltl,579,1.2556131260794474,1.1715122333248944,8.410089275455288,3.8202461446562426,2024-25 to 2025-26,0.7917364656877655,6.602375496949337,1.2375359882943877,1.4
1629060,Rui Hachimura,576,1.1944444444444444,1.1658848683257497,2.8559576118694823,4.931576051670808,2024-25 to 2025-26,0.695240902657111,1.90334084593724,1.184918276785122,1.2227805695142377
1629130,Duncan Robinson,663,1.1613876319758674,1.0823685336472397,7.901909832862746,5.2325371419770565,2024-25 to 2025-26,0.6695745594399093,5.201754159990563,1.1343860752471453,1.2263610315186246
1626171,Bobby Portis,595,1.0403361344537816,1.0365077489681949,0.3828385485586609,4.653834826853791,2024-25 to 2025-26,0.7192351534928993,0.19958796746133906,1.0385036286428082,1.156
1629004,Svi Mykhailiuk,302,1.0132450331125828,1.0295686279723522,-1.632359485976935,7.428169216541389,2024-25 to 2025-26,0.5013737930017484,-0.9529740288036698,1.0200388876843154,1.2265193370165746
1629028,Deandre Ayton,468,1.1452991452991452,1.14476203167384,0.05371136253051517,4.357145026818754,2024-25 to 2025-26,0.745056854559237,-0.02877710042975018,1.1444742606695426,1.341098169717138
1630202,Payton Pritchard,866,1.2390300230946882,1.0323028464057058,20.672717668898237,4.538886520572573,2024-25 to 2025-26,0.7292243051692464,15.001980725380266,1.1823226536595084,1.1219065077910173
204456,T.J. McConnell,624,1.0625,1.0085170402703514,5.398295972964863,4.060649442060844,2024-25 to 2025-26,0.7708943688615888,4.099692970401214,1.0495139699743634,1.1111111111111112
1629639,Tyler Herro,1378,1.1269956458635704,1.0150078044007897,11.198784146278056,3.3016500260187263,2024-25 to 2025-26,0.8357869864133441,9.315486001368518,1.1081626644144749,1.1223300970873786
202695,Kawhi Leonard,623,1.1203852327447834,1.024175241921509,9.620999082327428,4.56524029593202,2024-25 to 2025-26,0.7269319288561531,6.920125381595655,1.0933764957374656,1.1462639109697934
1626220,Royce O'Neale,570,1.1596491228070176,1.085626038492395,7.402308431462244,5.693153313194839,2024-25 to 2025-26,0.6312365925456762,4.5730990095692166,1.1313570285880872,1.1808
1630559,Austin Reaves,1037,1.1128254580520733,1.0171909193987778,9.563453865329548,3.803138348340939,2024-25 to 2025-26,0.7932127231606606,7.53005278183887,1.0924914472171665,1.1338582677165354
1629014,Anfernee Simons,1125,1.0426666666666666,1.0068481481746183,3.5818518492048397,3.6989593968374352,2024-25 to 2025-26,0.8021761068707505,2.819894194073397,1.0350470901153523,1.1049382716049383
203501,Tim Hardaway Jr.,680,1.0588235294117647,1.069715181219454,-1.0891651807689333,5.0127959632566,2024-25 to 2025-26,0.6882748463276557,-0.8337624546008313,1.0613775566734458,1.1810012836970476
201942,DeMar DeRozan,1308,1.018348623853211,0.9214035893521294,9.694503450108156,2.995735822385818,2024-25 to 2025-26,0.8607669041992542,8.307136375315613,1.0044749531052855,1.0398009950248757
1630162,Anthony Edwards,1612,1.0930521091811414,1.0374839686743538,5.556814050678768,3.0806690948841777,2024-25 to 2025-26,0.8539296439808274,4.7057118966680855,1.0845410876410346,1.1445978878960195
1630573,Sam Hauser,474,1.2531645569620253,1.0896499005731972,16.35146563888282,6.482494962287275,2024-25 to 2025-26,0.5690173548583604,9.187969237396985,1.181529592947167,1.1680532445923462
1630558,Davion Mitchell,476,1.1134453781512605,1.0755364558764506,3.7908922274809957,5.558284884802892,2024-25 to 2025-26,0.6423261963634178,2.338472917162961,1.0989211850480802,1.148217636022514
203897,Zach LaVine,1223,1.2174979558462797,1.0730564817919503,14.444147405432936,3.4658351988144367,2024-25 to 2025-26,0.8220277844271655,11.825465586771148,1.191311137659662,1.1389396709323583
1629636,Darius Garland,1174,1.1243611584327087,1.0112968674361986,11.306429099651,3.5891153070854593,2024-25 to 2025-26,0.8115697701336838,9.125109120280598,1.1025479586390046,1.1011904761904763
1628378,Donovan Mitchell,1320,1.062878787878788,1.0156024412301772,4.7276346648610605,3.377653863031408,2024-25 to 2025-26,0.8294439201577287,3.8752841333835377,1.0543552825640126,1.1261582323592303
202685,Jonas Valančiūnas,627,1.1132376395534291,1.0605331195794356,5.270451997399339,3.9493684035456105,2024-25 to 2025-26,0.7805617014395998,4.054698662675236,1.101080106206188,1.1846153846153846
1642267,Bub Carrington,748,0.9866310160427807,1.0213776661826215,-3.474665013984082,4.5381109043864605,2024-25 to 2025-26,0.7292917892644276,-2.6070939075830104,0.9953067271067914,1.0755735492577598
1630217,Desmond Bane,1018,1.1296660117878192,1.022242891114473,10.742312067334622,3.753444699672036,2024-25 to 2025-26,0.7974941984608976,8.51228638472545,1.1073657549617275,1.1062240663900416
1631105,Jalen Duren,546,1.3846153846153846,1.328527966736933,5.60874178784517,3.647004380170485,2024-25 to 2025-26,0.8066272213202955,4.471983136460201,1.373247798101535,1.3001245330012454
1628381,John Collins,531,1.1657250470809792,1.1090622948359554,5.6662752245023915,4.826524502979786,2024-25 to 2025-26,0.7042878730175628,3.9108925029336747,1.1481712198652922,1.2397572078907435
1628973,Jalen Brunson,1200,1.1016666666666666,0.9970108530639914,10.46558136026753,3.3466882845056807,2024-25 to 2025-26,0.8320339631782104,8.662394350053361,1.083634796564525,1.0664406779661018
1630540,Miles McBride,547,1.0219378427787935,1.0649705980004884,-4.303275522169497,5.427362928276751,2024-25 to 2025-26,0.6532027598264918,-2.904492929835813,1.0359256687021303,1.1237623762376239
1629661,Cameron Johnson,747,1.1633199464524766,1.0859289838920625,7.739096256041404,4.554007335748125,2024-25 to 2025-26,0.7279088823404105,5.559934493176013,1.1415283288238227,1.191578947368421
1631124,Julian Strawther,486,1.0576131687242798,1.05304467128352,0.4568497440759754,5.652159393315397,2024-25 to 2025-26,0.6345945432229622,0.19131153900262454,1.0549577866735462,1.115987460815047
201950,Jrue Holiday,573,1.075043630017452,1.063744149483523,1.1299480533929007,5.15695675473886,2024-25 to 2025-26,0.6759805537080164,0.6763879008871853,1.0705080284923947,1.0959097320169253
1626181,Norman Powell,945,1.1566137566137566,1.041652556912435,11.496119970132144,3.975631695955321,2024-25 to 2025-26,0.7782827086052625,8.887402098337219,1.1305265778958073,1.1150837988826816
1630183,Jaden McDaniels,834,1.0743405275779376,1.108376244957119,-3.403571737918138,3.919178241822854,2024-25 to 2025-26,0.7831791503469729,-2.724114432259813,1.081135100634521,1.1582200247218788
1627759,Jaylen Brown,1118,1.0304114490161003,1.024490840030319,0.5920608985781186,3.349728393769691,2024-25 to 2025-26,0.8317800231893537,0.44707111743226247,1.0289615512046415,1.0447180816591057
203468,CJ McCollum,1000,1.059,1.0202234313104137,3.8776568689586384,3.8435806019121896,2024-25 to 2025-26,0.7897211286715823,3.0055248685291174,1.050278679995705,1.0753899480069324
1628404,Josh Hart,770,1.1584415584415584,1.1660313125939368,-0.7589754152378315,3.9996587869241087,2024-25 to 2025-26,0.7761962655913679,-0.6495061895534333,1.1595362506984024,1.1858108108108107
1630541,Moses Moody,568,1.0880281690140845,1.099232934253493,-1.1204765239408492,5.310132210042508,2024-25 to 2025-26,0.6630287120145243,-0.8338381054368,1.090894553199125,1.1508078994614004
1641718,Keyonte George,919,0.970620239390642,1.00295228231946,-3.2332042928818105,4.097789902406125,2024-25 to 2025-26,0.7676623833983833,-2.5447044450351104,0.977505237869109,1.0646992054483542
1641764,Brandin Podziemski,629,1.0731319554848966,1.0132015654775224,5.993039000737421,4.883213079356434,2024-25 to 2025-26,0.6994010185224195,4.110422465310978,1.054305790130632,1.0866050808314087
201935,James Harden,1295,1.0015444015444015,0.9894651702739938,1.207923127040766,3.4169233887683186,2024-25 to 2025-26,0.826148482285319,0.951010904755772,0.9989752793215515,1.0587711487088156
1630245,Ayo Dosunmu,449,1.1224944320712695,1.1646842686495018,-4.218983657823221,5.4661675632332285,2024-25 to 2025-26,0.649967999294166,-2.8366587333714115,1.1363176813157876,1.1981258366800536
1629012,Collin Sexton,867,1.0865051903114187,0.9961206408162006,9.038454949521817,3.9391959662670852,2024-25 to 2025-26,0.7814439235654075,7.004069446134654,1.0661613352775472,1.1212938005390836
1630193,Immanuel Quickley,438,1.0342465753424657,1.0084071378194406,2.5839437523025213,5.992035056102501,2024-25 to 2025-26,0.6071127481803457,1.4627265534506313,1.023034403353947,1.0828729281767955
1628991,Jaren Jackson Jr.,1213,1.0964550700741962,0.9933404435982178,10.311462647597843,3.29588676343811,2024-25 to 2025-26,0.8362659915404008,8.578942740594988,1.0791298710041677,1.0681502086230876
1630230,Naji Marshall,712,1.101123595505618,1.0581128416821735,4.301075382344449,4.129658287579955,2024-25 to 2025-26,0.7648875115057043,3.2263949292969736,1.0903767909751432,1.0962241169305724
1641729,Brice Sensabaugh,599,1.1803005008347245,1.0424185395999117,13.788196123481288,5.358423758139103,2024-25 to 2025-26,0.6589715192506665,8.994003735329567,1.1323585769532074,1.1085180863477246
1631096,Chet Holmgren,341,1.1085043988269794,1.1232697211774645,-1.4765322350484915,6.089668213963494,2024-25 to 2025-26,0.5993762526321523,-0.9931046513086262,1.1133386746643783,1.227214377406932
203952,Andrew Wiggins,839,1.0512514898688916,1.0489057024658008,0.2345787403090687,4.125938279400786,2024-25 to 2025-26,0.765211493821483,0.11614585657817145,1.0500671610315826,1.118148599269184
202331,Paul George,570,1.0280701754385966,0.9997100832650422,2.8360092173554357,5.0706351383959,2024-25 to 2025-26,0.6833309053062915,1.852481191274115,1.0182348951777833,1.0721247563352827
1628370,Malik Monk,939,1.02555910543131,1.0267666619214249,-0.12075564901149322,3.8727641918413704,2024-25 to 2025-26,0.7871978924311598,-0.15248216557342842,1.0252418402656907,1.0727848101265822
1629627,Zion Williamson,508,1.139763779527559,1.069475263377787,7.028851614977204,4.274504563439118,2024-25 to 2025-26,0.7522628748897207,5.220693511970334,1.1216821984974905,1.2007434944237918
203084,Harrison Barnes,683,1.2445095168374818,1.1289028081352568,11.56067087022249,4.813253395948043,2024-25 to 2025-26,0.7054334659955303,8.075796830826379,1.2096607764435205,1.1530434782608696
1631108,Max Christie,590,1.0491525423728814,1.0825747646607315,-3.3422222287850225,5.021541890384552,2024-25 to 2025-26,0.68752633960205,-2.3821852530315963,1.0587529121304156,1.1310344827586207
1629638,Nickeil Alexander-Walker,616,1.1055194805194806,1.0830352108971526,2.2484269622327813,5.119503379862263,2024-25 to 2025-26,0.679165441787135,1.4404783071752196,1.0974399939689048,1.1271966527196653
1628368,De'Aaron Fox,1163,1.0283748925193466,1.0072915269258909,2.108336559345564,3.3240420679811833,2024-25 to 2025-26,0.8339231984482206,1.7133757814696768,1.0244252847405877,1.0974212034383954
202696,Nikola Vučević,1038,1.1840077071290944,1.0638929251633524,12.011478196574192,3.561200587086577,2024-25 to 2025-26,0.8139462272138028,9.726491691138321,1.1611578420747357,1.1113892365456821
1627742,Brandon Ingram,333,1.06006006006006,1.000102144308999,5.995791575106108,6.352156161964108,2024-25 to 2025-26,0.5789502171596665,3.3576466786431327,1.0336786110954304,1.0582298136645962
1630530,Trey Murphy III,839,1.096543504171633,1.0895654109499715,0.6978093221661432,4.181993448990731,2024-25 to 2025-26,0.7603278848049055,0.46588957699709266,1.0942243067199424,1.1447619047619049
1628386,Jarrett Allen,640,1.4125,1.3265124182347985,8.598758176520143,3.3938081013476227,2024-25 to 2025-26,0.8280897188038968,7.074154119954023,1.3972539594343387,1.2784090909090908
1629614,Andrew Nembhard,539,1.0111317254174397,1.0020605426889682,0.9071182728471471,4.833210627279659,2024-25 to 2025-26,0.7037109284819555,0.5583969335980746,1.0076445120249489,1.0265604249667994
1627783,Pascal Siakam,1182,1.143824027072758,1.0523398941829731,9.1484132889785,3.2267348960337823,2024-25 to 2025-26,0.8419903595950377,7.6602376920679545,1.1289422711036528,1.058874458874459
1629675,Naz Reid,923,1.1126760563380282,1.074784301826445,3.7891754511583233,4.054510295536941,2024-25 to 2025-26,0.7714283740143093,2.8613985591278777,1.1033982874177237,1.097588978185993
1630170,Devin Vassell,889,1.064116985376828,1.0557466832168882,0.8370302159939659,4.089427757926269,2024-25 to 2025-26,0.7683902570639488,0.580667144320119,1.0615533546600895,1.0940397350993378
1629640,Keldon Johnson,770,1.0766233766233766,1.1222090358935182,-4.558565927014162,4.067282657269688,2024-25 to 2025-26,0.7703173120388271,-3.5735209641219567,1.0864738262522986,1.163111668757842
1642273,Kyshawn George,546,0.9523809523809523,1.0699976381532945,-11.761668577234214,5.373159845928607,2024-25 to 2025-26,0.6577361003785106,-7.828432207360082,0.9917133160796937,1.048526863084922
1630178,Tyrese Maxey,1091,1.0219981668194318,1.0311725859263268,-0.9174419106895083,3.5801109966479983,2024-25 to 2025-26,0.8123368395259661,-0.7959118175355899,1.0232134677509708,1.0712858094603597
1627739,Kris Dunn,437,1.0503432494279177,1.0727525773973736,-2.2409327969456108,5.81268155062691,2024-25 to 2025-26,0.6215118056035892,-1.4948993151499268,1.0578035842458744,1.119496855345912
1630702,Jaden Hardy,414,1.0531400966183575,1.0482515692484227,0.488852736993485,6.005607598264659,2024-25 to 2025-26,0.6060328755047768,0.1899507925617993,1.0501510771740405,1.0909090909090908
1629008,Michael Porter Jr.,1048,1.191793893129771,1.1079900595116179,8.380383361815301,3.6931845462813695,2024-25 to 2025-26,0.8026715212818539,6.673446969318773,1.1747245292048056,1.1106471816283925
1630163,LaMelo Ball,1003,0.9880358923230309,0.9877421734150861,0.029371890794482262,3.886459379612884,2024-25 to 2025-26,0.7860128069002412,-0.03465668018588569,0.9873956066132272,1.0321543408360128
203954,Joel Embiid,315,0.9619047619047619,1.01162293921135,-4.971817730658806,6.115689836827765,2024-25 to 2025-26,0.5973267602887293,-3.078459116325398,0.9808383480480961,1.054519368723099
1628960,Grayson Allen,489,1.2004089979550103,1.0740516385893975,12.635735936561273,6.146027497937181,2024-25 to 2025-26,0.5949440491972007,7.408253601614203,1.1481341746055396,1.0449775112443778
1642348,Justin Edwards,378,1.0925925925925926,1.1025970023140899,-1.0004409721497203,6.301990712114866,2024-25 to 2025-26,0.5828108305341915,-0.6956442226810495,1.0956405600872794,1.103125
1630557,Corey Kispert,565,1.1150442477876106,1.0742927689958963,4.075147879171424,5.27597185787439,2024-25 to 2025-26,0.6659064679689001,2.6235138796436006,1.1005279077923322,1.1548223350253808
1626164,Devin Booker,1420,1.05,0.9998158443294755,5.018415567052459,3.110555933899373,2024-25 to 2025-26,0.8515046226234819,4.233133326538502,1.0421471775948605,1.013355592654424
1631170,Jaime Jaquez Jr.,462,1.0021645021645023,1.0704294182634195,-6.826491609891729,5.049388492727931,2024-25 to 2025-26,0.6851453158120708,-4.762100695121582,1.0228084113122038,1.0775956284153005
1642268,Isaiah Collier,555,0.918918918918919,1.024936825234242,-10.601790631532293,4.564857810306194,2024-25 to 2025-26,0.7269651908146674,-7.780809812701536,0.9471287271072265,1.0427184466019417
1628969,Mikal Bridges,1183,1.139475908706678,1.079007544248926,6.046836445775206,3.35370903805966,2024-25 to 2025-26,0.8314474064563265,4.982143414644552,1.1288289783953716,1.142263759086189
1628415,Dillon Brooks,895,1.0659217877094973,1.0499985855476148,1.5923202161882362,4.216660036100812,2024-25 to 2025-26,0.7573062421666359,1.1403843553310424,1.0614024291009252,1.0020855057351408
1630583,Santi Aldama,648,1.1512345679012346,1.1067007565211024,4.453381138013202,4.756804044161787,2024-25 to 2025-26,0.7103124442205125,3.0851213184138855,1.1375519697052412,1.1050420168067228
1627741,Buddy Hield,786,1.0928753180661577,1.0709537130608657,2.1921605005291993,4.6857219081770065,2024-25 to 2025-26,0.7164691080955518,1.4941059004720156,1.0858947720655858,1.1009174311926606
1630577,Julian Champagnie,665,1.0977443609022557,1.1375340207849005,-3.97896598826449,5.160262517440558,2024-25 to 2025-26,0.6756997698070258,-2.7760971803634744,1.1097730489812658,1.1567489114658926
202691,Klay Thompson,877,1.0695553021664765,1.0395861134898097,2.996918867666706,4.39716416646369,2024-25 to 2025-26,0.7415680235610507,2.1526826388061577,1.0611129398778711,1.0631868131868132
1626167,Myles Turner,811,1.1541307028360048,1.1120304558673844,4.210024696862062,4.29605221742412,2024-25 to 2025-26,0.750383938478757,3.0917772805446315,1.1429482286728307,1.1068111455108358
1641706,Brandon Miller,491,1.0183299389002036,1.0406685499242685,-2.2338611024064874,5.670744024573072,2024-25 to 2025-26,0.6330708053406934,-1.5132062357466984,1.0255364875668016,1.0651340996168583
1628978,Donte DiVincenzo,593,1.136593591905565,1.0730314290470584,6.356216285850662,5.567437598704937,2024-25 to 2025-26,0.6415698380636095,3.9812360856075557,1.112843789903134,1.1041916167664672
1629632,Coby White,1121,1.0990187332738626,1.061716709908389,3.7302023365473476,3.682064892284915,2024-25 to 2025-26,0.8036249959781381,2.9446930353985454,1.0911636402623746,1.0770465489566614
201572,Brook Lopez,774,1.197674418604651,1.1098534812347418,8.782093736990943,4.307294516746536,2024-25 to 2025-26,0.7494036096491581,6.513710577418878,1.1749905870089306,1.066420664206642
1630595,Cade Cunningham,1457,1.0411805078929306,0.9964868570932307,4.469365079969993,2.9709065832928387,2024-25 to 2025-26,0.862749863380481,3.8189078564713137,1.0346759356579438,1.0269133725820017
203994,Jusuf Nurkić,352,1.0454545454545454,1.109381492737558,-6.392694728301264,5.82892246780011,2024-25 to 2025-26,0.6201982357362787,-4.067225578566596,1.068709236951892,1.0754189944134078
2544,LeBron James,1270,1.1425196850393702,1.0463348179021055,9.618486713726453,3.12091167316562,2024-25 to 2025-26,0.8506621312689239,8.141784338394197,1.1277526612860473,1.1131664853101197
1630191,Isaiah Stewart,315,1.1714285714285715,1.1914581162350293,-2.0029544806457955,5.7208412561897,2024-25 to 2025-26,0.6289750548233219,-1.3599276104759481,1.1778588401302699,1.199004975124378
203507,Giannis Antetokounmpo,1319,1.2130401819560273,1.185824172872,2.721600908402716,2.5236371768999533,2024-25 to 2025-26,0.8970300038107866,2.4135717402003607,1.2099598902740036,1.2725752508361203
203932,Aaron Gordon,497,1.2132796780684105,1.1699081546805048,4.337152338790558,5.176788102889626,2024-25 to 2025-26,0.6742969291506171,2.836639175820892,1.1982745464387137,1.1482412060301508
202699,Tobias Harris,805,1.067080745341615,1.07589666344909,-0.8815918107475142,3.965780240457634,2024-25 to 2025-26,0.7791377746494584,-0.7464800367929716,1.0684318630811604,1.062215477996965
1629655,Daniel Gafford,403,1.4044665012406947,1.335886480369611,6.858002087108359,4.441173554058218,2024-25 to 2025-26,0.7377325784785126,4.988600024800982,1.3857724806176208,1.3101265822784811
1630532,Franz Wagner,1161,1.0146425495262705,1.0325211755721686,-1.7878626045898107,3.220769074179593,2024-25 to 2025-26,0.8424821495114692,-1.54874772596575,1.017033698312511,1.057199211045365
201143,Al Horford,461,1.0932754880694142,1.1037752192826629,-1.049973121324846,6.064879491912169,2024-25 to 2025-26,0.6013335544738224,-0.7389621945136466,1.0963855973375265,1.0802469135802468
202710,Jimmy Butler III,597,1.0619765494137354,1.1127226687040916,-5.074611929035638,4.172568889070677,2024-25 to 2025-26,0.761149191544515,-3.9269894506376692,1.073452774197715,1.1082251082251082
1641739,Toumani Camara,716,1.1047486033519553,1.154840309886058,-5.009170653410271,4.56882845512208,2024-25 to 2025-26,0.7266199056404405,-3.713533344249452,1.1177049764435636,1.1257014590347925
1630578,Alperen Sengun,1143,1.010498687664042,1.0702364752149183,-5.9737787550876185,2.953173964408546,2024-25 to 2025-26,0.8641615020380659,-5.198964953952919,1.0182468256753892,1.0739091718610865
1630591,Jalen Suggs,481,0.9771309771309772,1.0175131363985488,-4.038215926757173,5.405048147294222,2024-25 to 2025-26,0.6550669979564933,-2.7383804114647745,0.9901293322839011,1.0570107858243452
203114,Khris Middleton,337,1.0919881305637982,0.9653616692468907,12.662646131690753,6.484746212966305,2024-25 to 2025-26,0.5688470439924088,7.086764375110324,1.036229312997994,0.9648148148148148
1630168,Onyeka Okongwu,684,1.2046783625730995,1.2445718404199346,-3.989347784683519,3.926829909768777,2024-25 to 2025-26,0.7825160044148451,-3.180415445681956,1.2127676859631151,1.127906976744186
1631212,Peyton Watson,428,1.0654205607476634,1.2180586717616082,-15.263811101394467,5.382057535182157,2024-25 to 2025-26,0.6569907555223958,-10.120742098624131,1.116851250775367,1.1204819277108433
1630631,Jose Alvarado,521,0.9961612284069098,1.0399643976065915,-4.38031691996818,5.573756907731766,2024-25 to 2025-26,0.6410479399929431,-2.9048545372213317,1.0109158522343782,1.0579064587973275
1642266,Ja'Kobe Walter,393,0.9745547073791349,1.1097905172359928,-13.523580985685793,6.109037669859946,2024-25 to 2025-26,0.5978501878228349,-8.193593526579937,1.0278545819701934,1.1633663366336633
203924,Jerami Grant,574,0.9337979094076655,1.0843337146123162,-15.053580520465069,5.178363206773275,2024-25 to 2025-26,0.6741632905780941,-10.23649676783638,0.9819687469339524,1.093150684931507
1641783,Tristan da Silva,483,0.989648033126294,1.1100756605251991,-12.042762739890502,5.496341308927209,2024-25 to 2025-26,0.6474590415177299,-7.8923270166112784,1.0311523903590865,1.0935483870967742
1627826,Ivica Zubac,942,1.256900212314225,1.1708132103348476,8.608700197937733,3.02752752782743,2024-25 to 2025-26,0.8582172670386433,7.349875802744887,1.2443119683622965,1.1950207468879668
1631165,Keon Ellis,464,1.2780172413793103,1.1070222690728064,17.0994972306504,6.164653347885499,2024-25 to 2025-26,0.5934847854910749,10.038595369932024,1.2074082227721266,1.1171875
1629018,Gary Trent Jr.,657,1.1354642313546424,1.0571132941842647,7.8350937170377595,5.207800451672587,2024-25 to 2025-26,0.6716679951436791,5.173982956647107,1.1088531237507357,1.0338266384778012
1630552,Jalen Johnson,542,1.081180811808118,1.1506313073118515,-6.945049550373332,4.551122160489843,2024-25 to 2025-26,0.7281598466512595,-5.130460907018339,1.099326698241668,1.0749185667752443
1628398,Kyle Kuzma,848,0.9858490566037735,1.0583771832442481,-7.252812664047459,3.827862948590243,2024-25 to 2025-26,0.7910788424333933,-5.793922965090532,1.0004379535933428,1.104499274310595
1630549,Day'Ron Sharpe,317,1.0757097791798107,1.1777287435836332,-10.20189644038224,5.718210338260449,2024-25 to 2025-26,0.6291897203239311,-6.518989647900584,1.1125388471046274,1.2275280898876404
1631095,Jabari Smith Jr.,566,1.0494699646643109,1.0872106100820127,-3.7740645417701684,5.087229404228702,2024-25 to 2025-26,0.6819152034857192,-2.6594255646287746,1.060616354435725,1.08
201566,Russell Westbrook,831,1.0108303249097472,1.0964700267503176,-8.563970184057037,3.8979502872571556,2024-25 to 2025-26,0.7850179991772526,-6.7808825452513695,1.0286612012978038,1.0059594755661503
1628374,Lauri Markkanen,700,1.042857142857143,1.1105606898806832,-6.770354702354049,4.6652135037070375,2024-25 to 2025-26,0.7182478323168677,-4.93882198738554,1.061172470006828,1.0968944099378881
1626162,Kelly Oubre Jr.,741,1.0350877192982457,1.1319981821934448,-9.69104628951992,4.007930398433136,2024-25 to 2025-26,0.775477673133618,-7.575776241940039,1.0562404197740445,1.0919117647058822
1630188,Jalen Smith,408,1.107843137254902,1.1812638476797213,-7.342071042481935,5.994317704115222,2024-25 to 2025-26,0.6069310357675579,-4.562198455821912,1.1356418631215022,1.1683168316831682
1642271,Kyle Filipowski,518,1.1525096525096525,1.1150066380078814,3.750301450177123,5.1218984438650015,2024-25 to 2025-26,0.6789615746616795,2.459679981599118,1.1396034378238726,1.095890410958904
1628401,Derrick White,959,1.1605839416058394,1.0558249881028905,10.475895350294891,4.312452446283093,2024-25 to 2025-26,0.7489538394795727,7.778218507023152,1.133607173173122,0.9774368231046932
203944,Julius Randle,939,1.0841320553780618,1.076886453234751,0.7245602143310715,3.665596476735755,2024-25 to 2025-26,0.8050359717842402,0.5306869786431058,1.0821933230211822,1.0513670256835128
203903,Jordan Clarkson,493,0.9858012170385395,0.978367226192249,0.7433990846290498,5.474544091189318,2024-25 to 2025-26,0.6492709276119302,0.3880249457514158,0.9822474756497632,1.0342205323193916
1631323,Simone Fontecchio,373,1.0080428954423593,1.09655727803427,-8.851438259191081,6.551752466523542,2024-25 to 2025-26,0.5637975842776831,-5.108126525121651,1.0454760127830536,1.0849256900212314
1641705,Victor Wembanyama,857,1.117852975495916,1.0810513180188905,3.680165747702545,4.034034864848272,2024-25 to 2025-26,0.7732088896894647,2.7843384367959283,1.1088947023868498,1.137037037037037
204001,Kristaps Porziņģis,574,1.1445993031358885,1.0794920269596393,6.510727617624918,5.038217449784319,2024-25 to 2025-26,0.6861000926943223,4.382306518502073,1.12331509214466,1.0309278350515463
1628970,Miles Bridges,1089,0.9908172635445363,1.0594648365478139,-6.864757300327752,3.4458967732204435,2024-25 to 2025-26,0.8237096384139003,-5.702137816710625,1.0024434583807076,1.0614203454894433
1630174,Aaron Nesmith,379,1.2348284960422165,1.0961220548486275,13.870644119358897,6.4053409030083595,2024-25 to 2025-26,0.5748799696601536,7.859238978979486,1.1747144446384223,1.033203125
1642377,Jaylen Wells,676,1.0532544378698225,1.0909348918792288,-3.768045400940625,4.81149023642099,2024-25 to 2025-26,0.7055857087059206,-2.7381251931210855,1.0635536399480179,1.0472779369627507
1626157,Karl-Anthony Towns,1215,1.168724279835391,1.107860828984664,6.086345085072692,3.211026903027657,2024-25 to 2025-26,0.8432845159277002,5.090231687536769,1.1587631458600318,1.1114341085271318
1627884,Derrick Jones Jr.,589,1.1850594227504245,1.212524932335666,-2.7465509585241423,4.582243392273332,2024-25 to 2025-26,0.7254535596288936,-2.0665801388713176,1.1918591309469528,1.1424802110817942
1631109,Mark Williams,447,1.2080536912751678,1.2800383919829512,-7.198470070778345,4.149652564313775,2024-25 to 2025-26,0.7631458854288994,-5.557396701594703,1.2244644249670043,1.2899543378995433
203497,Rudy Gobert,510,1.3372549019607842,1.3965718418505833,-5.931693988979898,3.650985619582297,2024-25 to 2025-26,0.8062866298362856,-4.834918129457655,1.3482226605560066,1.3645621181262728
1630166,Deni Avdija,844,1.1007109004739337,1.1057955450465167,-0.5084644572583066,4.05029759734767,2024-25 to 2025-26,0.77179476974547,-0.45401023669135654,1.101255442679603,1.0422932330827068
1629611,Terance Mann,413,1.1380145278450364,1.116629043043175,2.1385484801861327,5.663380283096536,2024-25 to 2025-26,0.633674274055987,1.256292010071248,1.1291919631438874,1.065217391304348
1629628,RJ Barrett,982,1.0458248472505092,1.117802961837927,-7.197811458741778,3.5739814065414675,2024-25 to 2025-26,0.8128587392908089,-5.901303071349459,1.0587899311244324,1.1004901960784315
1628976,Wendell Carter Jr.,491,0.9959266802443992,1.1672782533850148,-17.135157314061573,4.75756286630183,2024-25 to 2025-26,0.7102467951639558,-12.248379004782354,1.0447944633371913,1.1365777080062793
1630643,Jay Huff,305,1.2950819672131149,1.2095144486101026,8.556751860301212,7.364902758759698,2024-25 to 2025-26,0.5056503446441313,4.193326771264526,1.2514477163227478,1.1472995090016367
1642276,Kel'el Ware,464,1.1831896551724137,1.2601103818783985,-7.692072670598475,4.810130963709723,2024-25 to 2025-26,0.7057030839580214,-5.507733941014331,1.2050330424682552,1.201848998459168
1630173,Precious Achiuwa,327,1.033639143730887,1.221012745263181,-18.737360153229407,5.329557863785384,2024-25 to 2025-26,0.6613951041100683,-12.48416908905515,1.0961710543726295,1.1020066889632107
1629645,Kevin Porter Jr.,652,0.9831288343558282,1.02440398635458,-4.127515199875171,4.28688289357411,2024-25 to 2025-26,0.751183501324961,-3.1676631942009275,0.9927273544125707,1.0194552529182879
1630581,Josh Giddey,798,1.0614035087719298,1.0763647006020705,-1.4961191830140597,4.160667455752699,2024-25 to 2025-26,0.7621862273423432,-1.2044942803374306,1.0643197577986963,1.0390516039051605
1641716,Jarace Walker,360,1.1527777777777777,1.089621802481102,6.315597529667577,6.641860885388683,2024-25 to 2025-26,0.5570676600706127,3.398692084560442,1.1236087233267065,1.019099590723056
1631101,Shaedon Sharpe,1104,1.0371376811594204,1.0654731922817244,-2.833551112230407,3.4704006572851123,2024-25 to 2025-26,0.821642281731127,-2.376294330065143,1.041710248981073,1.021889400921659
1629656,Quentin Grimes,823,1.1300121506682868,1.096326653768129,3.3685496900157688,4.2718455426150665,2024-25 to 2025-26,0.752494734663211,2.468027860290584,1.121006932371035,1.0688741721854305
203484,Kentavious Caldwell-Pope,544,1.0863970588235294,1.0765759095178615,0.9821149305667961,5.4030237043411,2024-25 to 2025-26,0.6552362708081985,0.5504845748092707,1.0820807552659542,0.9699453551912568
1628989,Kevin Huerter,604,1.0695364238410596,1.0825328845485431,-1.299646070748357,5.158299851131573,2024-25 to 2025-26,0.6758664677443174,-0.9658529945818014,1.072874354602725,1.070469798657718
1631114,Jalen Williams,1168,1.0736301369863013,1.0454405340792006,2.818960290710084,3.271182225965383,2024-25 to 2025-26,0.8383159750988485,2.3195498279434457,1.068636032358635,1.0201793721973094
203076,Anthony Davis,910,1.0714285714285714,1.0806651001349592,-0.9236528706387767,3.3312662720456307,2024-25 to 2025-26,0.8333209905363347,-0.8146768133388402,1.0725183320015708,1.0419161676646707
1628384,OG Anunoby,1027,1.1187925998052581,1.201733450319921,-8.294085051466315,3.6414540784299536,2024-25 to 2025-26,0.8071019040342995,-6.746224413502049,1.1342712061849005,1.1629353233830846
1630567,Scottie Barnes,1063,0.9633113828786454,1.0520703085863012,-8.875892570765599,3.281943166100513,2024-25 to 2025-26,0.8374236942445279,-7.476753140734928,0.977302777178952,1.0739091718610865
1630560,Cam Thomas,454,1.026431718061674,1.0000606665629905,2.6371051498683395,5.620763283882682,2024-25 to 2025-26,0.637173930708302,1.5823878730479695,1.0158845452934702,0.9327548806941431
1642259,Alex Sarr,828,0.9142512077294686,1.074945795684531,-16.069458795506232,3.9681053435372786,2024-25 to 2025-26,0.7789359872385517,-12.57673275779779,0.949178468106553,1.0396341463414633
1631128,Christian Braun,821,1.2679658952496955,1.2054902398435976,6.247565540609779,3.781579513578042,2024-25 to 2025-26,0.7950714279874328,4.9119619164203145,1.2546098590078008,1.1491002570694087
1628971,Bruce Brown,309,0.9288025889967637,1.0896013918076144,-16.079880281085067,6.073204276811491,2024-25 to 2025-26,0.6006757019459328,-9.766549018592439,0.99193590162169,1.0593869731800767
1631099,Keegan Murray,820,1.075609756097561,1.105738447364843,-3.0128691267282055,4.256186548430761,2024-25 to 2025-26,0.7538601249855356,-2.337701497660605,1.082361432388237,0.9433333333333334
1630598,Aaron Wiggins,728,1.1538461538461537,1.1171900401619812,3.6656113684172626,4.450555352733492,2024-25 to 2025-26,0.7369151708690587,2.630252516452254,1.1434925653265038,1.041044776119403
1630551,Justin Champagnie,411,1.2019464720194648,1.1422083221216095,5.973814989785523,5.873813304273515,2024-25 to 2025-26,0.6165773643839226,3.579854441411941,1.1780068665357288,1.119047619047619
1630703,Scoot Henderson,685,0.9912408759124087,1.0451953242545047,-5.3954448342096,4.560441902104813,2024-25 to 2025-26,0.7273492283435107,-3.997946069418706,1.0052158635603177,1.0029239766081872
1629651,Nic Claxton,568,1.1355633802816902,1.2188328719963724,-8.32694917146823,3.839637695957326,2024-25 to 2025-26,0.7900618068452185,-6.635455268261216,1.1524783193137602,1.1475128644939965
1630596,Evan Mobley,906,1.2086092715231789,1.2144042620475348,-0.5794990524355917,3.431816277735391,2024-25 to 2025-26,0.8248956393713773,-0.5252772680684042,1.2091514893668507,1.1641443538998837
1642264,Stephon Castle,988,0.9524291497975709,1.1016034223934938,-14.917427259592289,3.471833449479483,2024-25 to 2025-26,0.8215212681962853,-12.303145344227218,0.9785719689512217,1.0416156670746635
1641824,Matas Buzelis,555,1.0810810810810811,1.196634203457379,-11.555312237629787,5.118671923204476,2024-25 to 2025-26,0.6792362214496376,-7.935343106379938,1.1172807723935796,1.1059190031152648
1631222,Jake LaRavia,337,1.1275964391691395,1.0908473790418414,3.674906012729807,6.616234244361172,2024-25 to 2025-26,0.5589745370769077,1.9351703951498866,1.1101990829933401,1.066921606118547
203471,Dennis Schröder,827,0.966142684401451,0.988611966678602,-2.24692822771509,4.148999314559425,2024-25 to 2025-26,0.7632027948561595,-1.7787604322091726,0.9708243623565103,0.9300476947535771
1631094,Paolo Banchero,911,1.0,1.0240843230727683,-2.408432307276841,3.6713316325992373,2024-25 to 2025-26,0.8045447531013804,-1.9904341865153679,1.0041799812076146,0.9913194444444444
1629652,Luguentz Dort,593,1.1568296795952782,1.1184181544408989,3.841152515437928,5.534426309499926,2024-25 to 2025-26,0.6443003279317143,2.3788720666197856,1.1422068751070966,1.015267175572519
1642270,Donovan Clingan,334,1.1197604790419162,1.26962520025447,-14.986472121255368,5.467501000604534,2024-25 to 2025-26,0.6498570056267311,-9.833548214948935,1.1712897181049806,1.1637426900584795
1630224,Jalen Green,1437,1.0090466249130132,1.0365447802926209,-2.749815537960754,3.142497795674575,2024-25 to 2025-26,0.8489023844480034,-2.375097894838653,1.0127938013442344,0.982421875
1642258,Zaccharie Risacher,779,1.0731707317073171,1.15856670566928,-8.5395973961963,4.218970590645294,2024-25 to 2025-26,0.7571048181645663,-6.530914371011151,1.0932575619591687,1.087686567164179
1631097,Bennedict Mathurin,853,1.0316529894490034,1.0668454596611825,-3.519247021217889,3.867045073625297,2024-25 to 2025-26,0.7876926015492496,-2.829374920054857,1.0385517104606339,0.9704579025110783
1629631,De'Andre Hunter,762,1.1456692913385826,1.0775579449227237,6.81113464158589,4.529178117191627,2024-25 to 2025-26,0.7300690730648626,4.899759257967495,1.1265555375023986,0.9800399201596807
1627747,Caris LeVert,599,1.1118530884808013,1.1574540447463404,-4.560095626553909,4.917596196563663,2024-25 to 2025-26,0.6964425385757586,-3.257758021015486,1.1248764645361855,0.9872122762148338
1629673,Jordan Poole,1057,1.087038789025544,1.016132880906693,7.09059081188511,3.9001604258422855,2024-25 to 2025-26,0.7848266123103815,5.506820915042935,1.0712010900571223,0.9594594594594594
1630700,Dyson Daniels,923,1.0725893824485373,1.083241974854557,-1.0652592406019503,3.5908854220954636,2024-25 to 2025-26,0.811418919597329,-0.9152591535110628,1.0740893833194463,1.063063063063063
203110,Draymond Green,509,1.005893909626719,1.098514222241178,-9.262031261445875,5.3139771441028945,2024-25 to 2025-26,0.6627052047484654,-6.229013619229623,1.0362240860488816,1.0407331975560081
1641708,Amen Thompson,697,1.1492109038737446,1.1779648860133203,-2.8753982139575562,3.634747196364691,2024-25 to 2025-26,0.8076752812496989,-2.374285914460632,1.154222026868714,1.0909961685823755
1641730,Noah Clowney,372,0.9489247311827957,1.1202958577871356,-17.137112660433985,6.678834725438263,2024-25 to 2025-26,0.5543264337561717,-9.619817305241439,1.0240976847347212,0.9968304278922345
1641710,Anthony Black,620,0.9451612903225807,1.059149245148327,-11.398795482574634,4.451047018642059,2024-25 to 2025-26,0.7368723359519905,-8.470460724514158,0.9744446379031855,1.0233160621761659
1629023,P.J. Washington,665,1.0421052631578946,1.0658929805253285,-2.3787717367433894,4.450758631380175,2024-25 to 2025-26,0.7368974607968161,-1.8239077430394366,1.0476539030949341,1.0151975683890577
1628389,Bam Adebayo,1113,1.041329739442947,1.0848095074721837,-4.347976802923669,3.1816070609783518,2024-25 to 2025-26,0.8457019884493031,-3.718729166520239,1.0476222158069814,0.994759825327511
1641717,Cason Wallace,489,1.100204498977505,1.1340529932195742,-3.384849424206914,5.353126684937655,2024-25 to 2025-26,0.65941590924448,-2.3239284562123323,1.1108137086574508,1.0359589041095891
1630228,Jonathan Kuminga,568,0.9894366197183099,1.0753502375792316,-8.591361786092177,4.479315102100928,2024-25 to 2025-26,0.7344100064625533,-6.381250182243976,1.0115377357567918,1.0294985250737463
1630533,Ziaire Williams,520,1.021153846153846,1.1577626178676872,-13.660877171384108,5.438101391699552,2024-25 to 2025-26,0.6523066934692093,-9.004904898993052,1.0677135688777566,1.048498845265589
1627824,Guerschon Yabusele,563,1.1865008880994672,1.170878396668187,1.5622491431280026,5.089144242469184,2024-25 to 2025-26,0.6817519239427487,0.9791887241866786,1.1806702839100538,1.0224358974358974
1631106,Tari Eason,559,1.0858676207513416,1.1622316584905463,-7.636403773920475,4.683059805906729,2024-25 to 2025-26,0.7166999382737621,-5.549457203189849,1.1067370864586479,0.9913793103448276
1641709,Ausar Thompson,460,1.0934782608695652,1.2302210597018635,-13.674279883229834,4.446788137060123,2024-25 to 2025-26,0.737243386392814,-10.15217595173981,1.1286993001844654,1.0606585788561524
1627936,Alex Caruso,314,1.0828025477707006,1.1610137983766107,-7.821125060591013,6.894385752186164,2024-25 to 2025-26,0.5385829414464803,-4.336835601687443,1.1176454423597362,1.0233333333333334
1642346,Ryan Dunn,477,1.0314465408805031,1.1306938013450258,-9.924726046452264,5.5468544311616155,2024-25 to 2025-26,0.6432715348523167,-6.4805551302154125,1.0658882500428717,1.0607734806629834
1630172,Patrick Williams,516,0.9806201550387597,1.087763777596927,-10.714362255816747,5.455658530862329,2024-25 to 2025-26,0.650843136575078,-7.067587351846579,1.0170879040784613,0.9435146443514645
1629630,Ja Morant,889,1.0078740157480315,1.0304185208456516,-2.2544505097620156,3.742361028920204,2024-25 to 2025-26,0.7984477097613188,-1.8544487131149876,1.0118740337145016,0.8819875776397516
1641711,Gradey Dick,647,0.9953632148377125,1.1003337617463176,-10.497054690860514,4.786584533603784,2024-25 to 2025-26,0.7077372746902699,-7.50802249844032,1.0252535367619144,0.984375
1642347,Jamal Shead,504,0.9523809523809523,1.0337500338756105,-8.13690814946582,5.208862414403829,2024-25 to 2025-26,0.6715780580329982,-5.553191974524365,0.9782181141303669,0.9007936507936508
1641731,Bilal Coulibaly,624,0.9439102564102564,1.111706520164099,-16.779626375384264,4.3330571894504155,2024-25 to 2025-26,0.7471571430574405,-12.605246071218351,0.9856540594519154,0.9704251386321626
1641842,Ronald Holland II,416,1.0336538461538463,1.1246441063874757,-9.09902602336296,5.3800914499344685,2024-25 to 2025-26,0.6571554119110095,-6.071989073645676,1.063924215651019,0.9558823529411765
1631107,Nikola Jović,377,1.1193633952254642,1.0963091325990433,2.305426262642085,6.422968834260333,2024-25 to 2025-26,0.5735360954742733,1.2071660478984605,1.1083807930780278,0.8757961783439491
